range,column,x_start,x_end,y_start,y_end
1,1,-2.038,1.977,24.268,24.776
1,2,-2.038,1.977,23.760,24.268
1,3,-2.038,1.977,23.252,23.760
1,4,-2.038,1.977,22.744,23.252
1,5,-2.038,1.977,22.236,22.744
1,6,-2.038,1.977,21.728,22.236
1,7,-2.038,1.977,21.220,21.728
1,8,-2.038,1.977,20.712,21.220
1,9,-2.038,1.977,20.204,20.712
1,10,-2.038,1.977,19.696,20.204
1,11,-2.038,1.977,19.188,19.696
1,12,-2.038,1.977,18.680,19.188
1,13,-2.038,1.977,18.172,18.680
1,14,-2.038,1.977,17.664,18.172
1,15,-2.038,1.977,17.156,17.664
1,16,-2.038,1.977,16.648,17.156
1,17,-2.038,1.977,16.140,16.648
1,18,-2.038,1.977,15.632,16.140
1,19,-2.038,1.977,15.124,15.632
1,20,-2.038,1.977,14.616,15.124
1,21,-2.038,1.977,14.108,14.616
1,22,-2.038,1.977,13.600,14.108
1,23,-2.038,1.977,13.092,13.600
1,24,-2.038,1.977,12.584,13.092
1,25,-2.038,1.977,12.076,12.584
1,26,-2.038,1.977,11.568,12.076
1,27,-2.038,1.977,11.060,11.568
1,28,-2.038,1.977,10.552,11.060
1,29,-2.038,1.977,10.044,10.552
1,30,-2.038,1.977,9.536,10.044
1,31,-2.038,1.977,9.028,9.536
1,32,-2.038,1.977,8.520,9.028
1,33,-2.038,1.977,8.012,8.520
1,34,-2.038,1.977,7.504,8.012
1,35,-2.038,1.977,6.996,7.504
1,36,-2.038,1.977,6.488,6.996
1,37,-2.038,1.977,5.980,6.488
1,38,-2.038,1.977,5.472,5.980
1,39,-2.038,1.977,4.964,5.472
1,40,-2.038,1.977,4.456,4.964
1,41,-2.038,1.977,3.948,4.456
1,42,-2.038,1.977,3.440,3.948
1,43,-2.038,1.977,2.932,3.440
1,44,-2.038,1.977,2.424,2.932
1,45,-2.038,1.977,1.916,2.424
1,46,-2.038,1.977,1.408,1.916
1,47,-2.038,1.977,0.900,1.408
1,48,-2.038,1.977,0.392,0.900
2,1,1.977,5.993,24.268,24.776
2,2,1.977,5.993,23.760,24.268
2,3,1.977,5.993,23.252,23.760
2,4,1.977,5.993,22.744,23.252
2,5,1.977,5.993,22.236,22.744
2,6,1.977,5.993,21.728,22.236
2,7,1.977,5.993,21.220,21.728
2,8,1.977,5.993,20.712,21.220
2,9,1.977,5.993,20.204,20.712
2,10,1.977,5.993,19.696,20.204
2,11,1.977,5.993,19.188,19.696
2,12,1.977,5.993,18.680,19.188
2,13,1.977,5.993,18.172,18.680
2,14,1.977,5.993,17.664,18.172
2,15,1.977,5.993,17.156,17.664
2,16,1.977,5.993,16.648,17.156
2,17,1.977,5.993,16.140,16.648
2,18,1.977,5.993,15.632,16.140
2,19,1.977,5.993,15.124,15.632
2,20,1.977,5.993,14.616,15.124
2,21,1.977,5.993,14.108,14.616
2,22,1.977,5.993,13.600,14.108
2,23,1.977,5.993,13.092,13.600
2,24,1.977,5.993,12.584,13.092
2,25,1.977,5.993,12.076,12.584
2,26,1.977,5.993,11.568,12.076
2,27,1.977,5.993,11.060,11.568
2,28,1.977,5.993,10.552,11.060
2,29,1.977,5.993,10.044,10.552
2,30,1.977,5.993,9.536,10.044
2,31,1.977,5.993,9.028,9.536
2,32,1.977,5.993,8.520,9.028
2,33,1.977,5.993,8.012,8.520
2,34,1.977,5.993,7.504,8.012
2,35,1.977,5.993,6.996,7.504
2,36,1.977,5.993,6.488,6.996
2,37,1.977,5.993,5.980,6.488
2,38,1.977,5.993,5.472,5.980
2,39,1.977,5.993,4.964,5.472
2,40,1.977,5.993,4.456,4.964
2,41,1.977,5.993,3.948,4.456
2,42,1.977,5.993,3.440,3.948
2,43,1.977,5.993,2.932,3.440
2,44,1.977,5.993,2.424,2.932
2,45,1.977,5.993,1.916,2.424
2,46,1.977,5.993,1.408,1.916
2,47,1.977,5.993,0.900,1.408
2,48,1.977,5.993,0.392,0.900
3,1,5.993,10.009,24.268,24.776
3,2,5.993,10.009,23.760,24.268
3,3,5.993,10.009,23.252,23.760
3,4,5.993,10.009,22.744,23.252
3,5,5.993,10.009,22.236,22.744
3,6,5.993,10.009,21.728,22.236
3,7,5.993,10.009,21.220,21.728
3,8,5.993,10.009,20.712,21.220
3,9,5.993,10.009,20.204,20.712
3,10,5.993,10.009,19.696,20.204
3,11,5.993,10.009,19.188,19.696
3,12,5.993,10.009,18.680,19.188
3,13,5.993,10.009,18.172,18.680
3,14,5.993,10.009,17.664,18.172
3,15,5.993,10.009,17.156,17.664
3,16,5.993,10.009,16.648,17.156
3,17,5.993,10.009,16.140,16.648
3,18,5.993,10.009,15.632,16.140
3,19,5.993,10.009,15.124,15.632
3,20,5.993,10.009,14.616,15.124
3,21,5.993,10.009,14.108,14.616
3,22,5.993,10.009,13.600,14.108
3,23,5.993,10.009,13.092,13.600
3,24,5.993,10.009,12.584,13.092
3,25,5.993,10.009,12.076,12.584
3,26,5.993,10.009,11.568,12.076
3,27,5.993,10.009,11.060,11.568
3,28,5.993,10.009,10.552,11.060
3,29,5.993,10.009,10.044,10.552
3,30,5.993,10.009,9.536,10.044
3,31,5.993,10.009,9.028,9.536
3,32,5.993,10.009,8.520,9.028
3,33,5.993,10.009,8.012,8.520
3,34,5.993,10.009,7.504,8.012
3,35,5.993,10.009,6.996,7.504
3,36,5.993,10.009,6.488,6.996
3,37,5.993,10.009,5.980,6.488
3,38,5.993,10.009,5.472,5.980
3,39,5.993,10.009,4.964,5.472
3,40,5.993,10.009,4.456,4.964
3,41,5.993,10.009,3.948,4.456
3,42,5.993,10.009,3.440,3.948
3,43,5.993,10.009,2.932,3.440
3,44,5.993,10.009,2.424,2.932
3,45,5.993,10.009,1.916,2.424
3,46,5.993,10.009,1.408,1.916
3,47,5.993,10.009,0.900,1.408
3,48,5.993,10.009,0.392,0.900
4,1,10.009,14.024,24.268,24.776
4,2,10.009,14.024,23.760,24.268
4,3,10.009,14.024,23.252,23.760
4,4,10.009,14.024,22.744,23.252
4,5,10.009,14.024,22.236,22.744
4,6,10.009,14.024,21.728,22.236
4,7,10.009,14.024,21.220,21.728
4,8,10.009,14.024,20.712,21.220
4,9,10.009,14.024,20.204,20.712
4,10,10.009,14.024,19.696,20.204
4,11,10.009,14.024,19.188,19.696
4,12,10.009,14.024,18.680,19.188
4,13,10.009,14.024,18.172,18.680
4,14,10.009,14.024,17.664,18.172
4,15,10.009,14.024,17.156,17.664
4,16,10.009,14.024,16.648,17.156
4,17,10.009,14.024,16.140,16.648
4,18,10.009,14.024,15.632,16.140
4,19,10.009,14.024,15.124,15.632
4,20,10.009,14.024,14.616,15.124
4,21,10.009,14.024,14.108,14.616
4,22,10.009,14.024,13.600,14.108
4,23,10.009,14.024,13.092,13.600
4,24,10.009,14.024,12.584,13.092
4,25,10.009,14.024,12.076,12.584
4,26,10.009,14.024,11.568,12.076
4,27,10.009,14.024,11.060,11.568
4,28,10.009,14.024,10.552,11.060
4,29,10.009,14.024,10.044,10.552
4,30,10.009,14.024,9.536,10.044
4,31,10.009,14.024,9.028,9.536
4,32,10.009,14.024,8.520,9.028
4,33,10.009,14.024,8.012,8.520
4,34,10.009,14.024,7.504,8.012
4,35,10.009,14.024,6.996,7.504
4,36,10.009,14.024,6.488,6.996
4,37,10.009,14.024,5.980,6.488
4,38,10.009,14.024,5.472,5.980
4,39,10.009,14.024,4.964,5.472
4,40,10.009,14.024,4.456,4.964
4,41,10.009,14.024,3.948,4.456
4,42,10.009,14.024,3.440,3.948
4,43,10.009,14.024,2.932,3.440
4,44,10.009,14.024,2.424,2.932
4,45,10.009,14.024,1.916,2.424
4,46,10.009,14.024,1.408,1.916
4,47,10.009,14.024,0.900,1.408
4,48,10.009,14.024,0.392,0.900
5,1,14.024,18.040,24.268,24.776
5,2,14.024,18.040,23.760,24.268
5,3,14.024,18.040,23.252,23.760
5,4,14.024,18.040,22.744,23.252
5,5,14.024,18.040,22.236,22.744
5,6,14.024,18.040,21.728,22.236
5,7,14.024,18.040,21.220,21.728
5,8,14.024,18.040,20.712,21.220
5,9,14.024,18.040,20.204,20.712
5,10,14.024,18.040,19.696,20.204
5,11,14.024,18.040,19.188,19.696
5,12,14.024,18.040,18.680,19.188
5,13,14.024,18.040,18.172,18.680
5,14,14.024,18.040,17.664,18.172
5,15,14.024,18.040,17.156,17.664
5,16,14.024,18.040,16.648,17.156
5,17,14.024,18.040,16.140,16.648
5,18,14.024,18.040,15.632,16.140
5,19,14.024,18.040,15.124,15.632
5,20,14.024,18.040,14.616,15.124
5,21,14.024,18.040,14.108,14.616
5,22,14.024,18.040,13.600,14.108
5,23,14.024,18.040,13.092,13.600
5,24,14.024,18.040,12.584,13.092
5,25,14.024,18.040,12.076,12.584
5,26,14.024,18.040,11.568,12.076
5,27,14.024,18.040,11.060,11.568
5,28,14.024,18.040,10.552,11.060
5,29,14.024,18.040,10.044,10.552
5,30,14.024,18.040,9.536,10.044
5,31,14.024,18.040,9.028,9.536
5,32,14.024,18.040,8.520,9.028
5,33,14.024,18.040,8.012,8.520
5,34,14.024,18.040,7.504,8.012
5,35,14.024,18.040,6.996,7.504
5,36,14.024,18.040,6.488,6.996
5,37,14.024,18.040,5.980,6.488
5,38,14.024,18.040,5.472,5.980
5,39,14.024,18.040,4.964,5.472
5,40,14.024,18.040,4.456,4.964
5,41,14.024,18.040,3.948,4.456
5,42,14.024,18.040,3.440,3.948
5,43,14.024,18.040,2.932,3.440
5,44,14.024,18.040,2.424,2.932
5,45,14.024,18.040,1.916,2.424
5,46,14.024,18.040,1.408,1.916
5,47,14.024,18.040,0.900,1.408
5,48,14.024,18.040,0.392,0.900
6,1,18.040,22.055,24.268,24.776
6,2,18.040,22.055,23.760,24.268
6,3,18.040,22.055,23.252,23.760
6,4,18.040,22.055,22.744,23.252
6,5,18.040,22.055,22.236,22.744
6,6,18.040,22.055,21.728,22.236
6,7,18.040,22.055,21.220,21.728
6,8,18.040,22.055,20.712,21.220
6,9,18.040,22.055,20.204,20.712
6,10,18.040,22.055,19.696,20.204
6,11,18.040,22.055,19.188,19.696
6,12,18.040,22.055,18.680,19.188
6,13,18.040,22.055,18.172,18.680
6,14,18.040,22.055,17.664,18.172
6,15,18.040,22.055,17.156,17.664
6,16,18.040,22.055,16.648,17.156
6,17,18.040,22.055,16.140,16.648
6,18,18.040,22.055,15.632,16.140
6,19,18.040,22.055,15.124,15.632
6,20,18.040,22.055,14.616,15.124
6,21,18.040,22.055,14.108,14.616
6,22,18.040,22.055,13.600,14.108
6,23,18.040,22.055,13.092,13.600
6,24,18.040,22.055,12.584,13.092
6,25,18.040,22.055,12.076,12.584
6,26,18.040,22.055,11.568,12.076
6,27,18.040,22.055,11.060,11.568
6,28,18.040,22.055,10.552,11.060
6,29,18.040,22.055,10.044,10.552
6,30,18.040,22.055,9.536,10.044
6,31,18.040,22.055,9.028,9.536
6,32,18.040,22.055,8.520,9.028
6,33,18.040,22.055,8.012,8.520
6,34,18.040,22.055,7.504,8.012
6,35,18.040,22.055,6.996,7.504
6,36,18.040,22.055,6.488,6.996
6,37,18.040,22.055,5.980,6.488
6,38,18.040,22.055,5.472,5.980
6,39,18.040,22.055,4.964,5.472
6,40,18.040,22.055,4.456,4.964
6,41,18.040,22.055,3.948,4.456
6,42,18.040,22.055,3.440,3.948
6,43,18.040,22.055,2.932,3.440
6,44,18.040,22.055,2.424,2.932
6,45,18.040,22.055,1.916,2.424
6,46,18.040,22.055,1.408,1.916
6,47,18.040,22.055,0.900,1.408
6,48,18.040,22.055,0.392,0.900
7,1,22.055,26.071,24.268,24.776
7,2,22.055,26.071,23.760,24.268
7,3,22.055,26.071,23.252,23.760
7,4,22.055,26.071,22.744,23.252
7,5,22.055,26.071,22.236,22.744
7,6,22.055,26.071,21.728,22.236
7,7,22.055,26.071,21.220,21.728
7,8,22.055,26.071,20.712,21.220
7,9,22.055,26.071,20.204,20.712
7,10,22.055,26.071,19.696,20.204
7,11,22.055,26.071,19.188,19.696
7,12,22.055,26.071,18.680,19.188
7,13,22.055,26.071,18.172,18.680
7,14,22.055,26.071,17.664,18.172
7,15,22.055,26.071,17.156,17.664
7,16,22.055,26.071,16.648,17.156
7,17,22.055,26.071,16.140,16.648
7,18,22.055,26.071,15.632,16.140
7,19,22.055,26.071,15.124,15.632
7,20,22.055,26.071,14.616,15.124
7,21,22.055,26.071,14.108,14.616
7,22,22.055,26.071,13.600,14.108
7,23,22.055,26.071,13.092,13.600
7,24,22.055,26.071,12.584,13.092
7,25,22.055,26.071,12.076,12.584
7,26,22.055,26.071,11.568,12.076
7,27,22.055,26.071,11.060,11.568
7,28,22.055,26.071,10.552,11.060
7,29,22.055,26.071,10.044,10.552
7,30,22.055,26.071,9.536,10.044
7,31,22.055,26.071,9.028,9.536
7,32,22.055,26.071,8.520,9.028
7,33,22.055,26.071,8.012,8.520
7,34,22.055,26.071,7.504,8.012
7,35,22.055,26.071,6.996,7.504
7,36,22.055,26.071,6.488,6.996
7,37,22.055,26.071,5.980,6.488
7,38,22.055,26.071,5.472,5.980
7,39,22.055,26.071,4.964,5.472
7,40,22.055,26.071,4.456,4.964
7,41,22.055,26.071,3.948,4.456
7,42,22.055,26.071,3.440,3.948
7,43,22.055,26.071,2.932,3.440
7,44,22.055,26.071,2.424,2.932
7,45,22.055,26.071,1.916,2.424
7,46,22.055,26.071,1.408,1.916
7,47,22.055,26.071,0.900,1.408
7,48,22.055,26.071,0.392,0.900
8,1,26.071,30.087,24.268,24.776
8,2,26.071,30.087,23.760,24.268
8,3,26.071,30.087,23.252,23.760
8,4,26.071,30.087,22.744,23.252
8,5,26.071,30.087,22.236,22.744
8,6,26.071,30.087,21.728,22.236
8,7,26.071,30.087,21.220,21.728
8,8,26.071,30.087,20.712,21.220
8,9,26.071,30.087,20.204,20.712
8,10,26.071,30.087,19.696,20.204
8,11,26.071,30.087,19.188,19.696
8,12,26.071,30.087,18.680,19.188
8,13,26.071,30.087,18.172,18.680
8,14,26.071,30.087,17.664,18.172
8,15,26.071,30.087,17.156,17.664
8,16,26.071,30.087,16.648,17.156
8,17,26.071,30.087,16.140,16.648
8,18,26.071,30.087,15.632,16.140
8,19,26.071,30.087,15.124,15.632
8,20,26.071,30.087,14.616,15.124
8,21,26.071,30.087,14.108,14.616
8,22,26.071,30.087,13.600,14.108
8,23,26.071,30.087,13.092,13.600
8,24,26.071,30.087,12.584,13.092
8,25,26.071,30.087,12.076,12.584
8,26,26.071,30.087,11.568,12.076
8,27,26.071,30.087,11.060,11.568
8,28,26.071,30.087,10.552,11.060
8,29,26.071,30.087,10.044,10.552
8,30,26.071,30.087,9.536,10.044
8,31,26.071,30.087,9.028,9.536
8,32,26.071,30.087,8.520,9.028
8,33,26.071,30.087,8.012,8.520
8,34,26.071,30.087,7.504,8.012
8,35,26.071,30.087,6.996,7.504
8,36,26.071,30.087,6.488,6.996
8,37,26.071,30.087,5.980,6.488
8,38,26.071,30.087,5.472,5.980
8,39,26.071,30.087,4.964,5.472
8,40,26.071,30.087,4.456,4.964
8,41,26.071,30.087,3.948,4.456
8,42,26.071,30.087,3.440,3.948
8,43,26.071,30.087,2.932,3.440
8,44,26.071,30.087,2.424,2.932
8,45,26.071,30.087,1.916,2.424
8,46,26.071,30.087,1.408,1.916
8,47,26.071,30.087,0.900,1.408
8,48,26.071,30.087,0.392,0.900
9,1,30.087,34.102,24.268,24.776
9,2,30.087,34.102,23.760,24.268
9,3,30.087,34.102,23.252,23.760
9,4,30.087,34.102,22.744,23.252
9,5,30.087,34.102,22.236,22.744
9,6,30.087,34.102,21.728,22.236
9,7,30.087,34.102,21.220,21.728
9,8,30.087,34.102,20.712,21.220
9,9,30.087,34.102,20.204,20.712
9,10,30.087,34.102,19.696,20.204
9,11,30.087,34.102,19.188,19.696
9,12,30.087,34.102,18.680,19.188
9,13,30.087,34.102,18.172,18.680
9,14,30.087,34.102,17.664,18.172
9,15,30.087,34.102,17.156,17.664
9,16,30.087,34.102,16.648,17.156
9,17,30.087,34.102,16.140,16.648
9,18,30.087,34.102,15.632,16.140
9,19,30.087,34.102,15.124,15.632
9,20,30.087,34.102,14.616,15.124
9,21,30.087,34.102,14.108,14.616
9,22,30.087,34.102,13.600,14.108
9,23,30.087,34.102,13.092,13.600
9,24,30.087,34.102,12.584,13.092
9,25,30.087,34.102,12.076,12.584
9,26,30.087,34.102,11.568,12.076
9,27,30.087,34.102,11.060,11.568
9,28,30.087,34.102,10.552,11.060
9,29,30.087,34.102,10.044,10.552
9,30,30.087,34.102,9.536,10.044
9,31,30.087,34.102,9.028,9.536
9,32,30.087,34.102,8.520,9.028
9,33,30.087,34.102,8.012,8.520
9,34,30.087,34.102,7.504,8.012
9,35,30.087,34.102,6.996,7.504
9,36,30.087,34.102,6.488,6.996
9,37,30.087,34.102,5.980,6.488
9,38,30.087,34.102,5.472,5.980
9,39,30.087,34.102,4.964,5.472
9,40,30.087,34.102,4.456,4.964
9,41,30.087,34.102,3.948,4.456
9,42,30.087,34.102,3.440,3.948
9,43,30.087,34.102,2.932,3.440
9,44,30.087,34.102,2.424,2.932
9,45,30.087,34.102,1.916,2.424
9,46,30.087,34.102,1.408,1.916
9,47,30.087,34.102,0.900,1.408
9,48,30.087,34.102,0.392,0.900
10,1,34.102,38.118,24.268,24.776
10,2,34.102,38.118,23.760,24.268
10,3,34.102,38.118,23.252,23.760
10,4,34.102,38.118,22.744,23.252
10,5,34.102,38.118,22.236,22.744
10,6,34.102,38.118,21.728,22.236
10,7,34.102,38.118,21.220,21.728
10,8,34.102,38.118,20.712,21.220
10,9,34.102,38.118,20.204,20.712
10,10,34.102,38.118,19.696,20.204
10,11,34.102,38.118,19.188,19.696
10,12,34.102,38.118,18.680,19.188
10,13,34.102,38.118,18.172,18.680
10,14,34.102,38.118,17.664,18.172
10,15,34.102,38.118,17.156,17.664
10,16,34.102,38.118,16.648,17.156
10,17,34.102,38.118,16.140,16.648
10,18,34.102,38.118,15.632,16.140
10,19,34.102,38.118,15.124,15.632
10,20,34.102,38.118,14.616,15.124
10,21,34.102,38.118,14.108,14.616
10,22,34.102,38.118,13.600,14.108
10,23,34.102,38.118,13.092,13.600
10,24,34.102,38.118,12.584,13.092
10,25,34.102,38.118,12.076,12.584
10,26,34.102,38.118,11.568,12.076
10,27,34.102,38.118,11.060,11.568
10,28,34.102,38.118,10.552,11.060
10,29,34.102,38.118,10.044,10.552
10,30,34.102,38.118,9.536,10.044
10,31,34.102,38.118,9.028,9.536
10,32,34.102,38.118,8.520,9.028
10,33,34.102,38.118,8.012,8.520
10,34,34.102,38.118,7.504,8.012
10,35,34.102,38.118,6.996,7.504
10,36,34.102,38.118,6.488,6.996
10,37,34.102,38.118,5.980,6.488
10,38,34.102,38.118,5.472,5.980
10,39,34.102,38.118,4.964,5.472
10,40,34.102,38.118,4.456,4.964
10,41,34.102,38.118,3.948,4.456
10,42,34.102,38.118,3.440,3.948
10,43,34.102,38.118,2.932,3.440
10,44,34.102,38.118,2.424,2.932
10,45,34.102,38.118,1.916,2.424
10,46,34.102,38.118,1.408,1.916
10,47,34.102,38.118,0.900,1.408
10,48,34.102,38.118,0.392,0.900
11,1,38.118,42.133,24.268,24.776
11,2,38.118,42.133,23.760,24.268
11,3,38.118,42.133,23.252,23.760
11,4,38.118,42.133,22.744,23.252
11,5,38.118,42.133,22.236,22.744
11,6,38.118,42.133,21.728,22.236
11,7,38.118,42.133,21.220,21.728
11,8,38.118,42.133,20.712,21.220
11,9,38.118,42.133,20.204,20.712
11,10,38.118,42.133,19.696,20.204
11,11,38.118,42.133,19.188,19.696
11,12,38.118,42.133,18.680,19.188
11,13,38.118,42.133,18.172,18.680
11,14,38.118,42.133,17.664,18.172
11,15,38.118,42.133,17.156,17.664
11,16,38.118,42.133,16.648,17.156
11,17,38.118,42.133,16.140,16.648
11,18,38.118,42.133,15.632,16.140
11,19,38.118,42.133,15.124,15.632
11,20,38.118,42.133,14.616,15.124
11,21,38.118,42.133,14.108,14.616
11,22,38.118,42.133,13.600,14.108
11,23,38.118,42.133,13.092,13.600
11,24,38.118,42.133,12.584,13.092
11,25,38.118,42.133,12.076,12.584
11,26,38.118,42.133,11.568,12.076
11,27,38.118,42.133,11.060,11.568
11,28,38.118,42.133,10.552,11.060
11,29,38.118,42.133,10.044,10.552
11,30,38.118,42.133,9.536,10.044
11,31,38.118,42.133,9.028,9.536
11,32,38.118,42.133,8.520,9.028
11,33,38.118,42.133,8.012,8.520
11,34,38.118,42.133,7.504,8.012
11,35,38.118,42.133,6.996,7.504
11,36,38.118,42.133,6.488,6.996
11,37,38.118,42.133,5.980,6.488
11,38,38.118,42.133,5.472,5.980
11,39,38.118,42.133,4.964,5.472
11,40,38.118,42.133,4.456,4.964
11,41,38.118,42.133,3.948,4.456
11,42,38.118,42.133,3.440,3.948
11,43,38.118,42.133,2.932,3.440
11,44,38.118,42.133,2.424,2.932
11,45,38.118,42.133,1.916,2.424
11,46,38.118,42.133,1.408,1.916
11,47,38.118,42.133,0.900,1.408
11,48,38.118,42.133,0.392,0.900
12,1,42.133,46.149,24.268,24.776
12,2,42.133,46.149,23.760,24.268
12,3,42.133,46.149,23.252,23.760
12,4,42.133,46.149,22.744,23.252
12,5,42.133,46.149,22.236,22.744
12,6,42.133,46.149,21.728,22.236
12,7,42.133,46.149,21.220,21.728
12,8,42.133,46.149,20.712,21.220
12,9,42.133,46.149,20.204,20.712
12,10,42.133,46.149,19.696,20.204
12,11,42.133,46.149,19.188,19.696
12,12,42.133,46.149,18.680,19.188
12,13,42.133,46.149,18.172,18.680
12,14,42.133,46.149,17.664,18.172
12,15,42.133,46.149,17.156,17.664
12,16,42.133,46.149,16.648,17.156
12,17,42.133,46.149,16.140,16.648
12,18,42.133,46.149,15.632,16.140
12,19,42.133,46.149,15.124,15.632
12,20,42.133,46.149,14.616,15.124
12,21,42.133,46.149,14.108,14.616
12,22,42.133,46.149,13.600,14.108
12,23,42.133,46.149,13.092,13.600
12,24,42.133,46.149,12.584,13.092
12,25,42.133,46.149,12.076,12.584
12,26,42.133,46.149,11.568,12.076
12,27,42.133,46.149,11.060,11.568
12,28,42.133,46.149,10.552,11.060
12,29,42.133,46.149,10.044,10.552
12,30,42.133,46.149,9.536,10.044
12,31,42.133,46.149,9.028,9.536
12,32,42.133,46.149,8.520,9.028
12,33,42.133,46.149,8.012,8.520
12,34,42.133,46.149,7.504,8.012
12,35,42.133,46.149,6.996,7.504
12,36,42.133,46.149,6.488,6.996
12,37,42.133,46.149,5.980,6.488
12,38,42.133,46.149,5.472,5.980
12,39,42.133,46.149,4.964,5.472
12,40,42.133,46.149,4.456,4.964
12,41,42.133,46.149,3.948,4.456
12,42,42.133,46.149,3.440,3.948
12,43,42.133,46.149,2.932,3.440
12,44,42.133,46.149,2.424,2.932
12,45,42.133,46.149,1.916,2.424
12,46,42.133,46.149,1.408,1.916
12,47,42.133,46.149,0.900,1.408
12,48,42.133,46.149,0.392,0.900
13,1,46.149,50.165,24.268,24.776
13,2,46.149,50.165,23.760,24.268
13,3,46.149,50.165,23.252,23.760
13,4,46.149,50.165,22.744,23.252
13,5,46.149,50.165,22.236,22.744
13,6,46.149,50.165,21.728,22.236
13,7,46.149,50.165,21.220,21.728
13,8,46.149,50.165,20.712,21.220
13,9,46.149,50.165,20.204,20.712
13,10,46.149,50.165,19.696,20.204
13,11,46.149,50.165,19.188,19.696
13,12,46.149,50.165,18.680,19.188
13,13,46.149,50.165,18.172,18.680
13,14,46.149,50.165,17.664,18.172
13,15,46.149,50.165,17.156,17.664
13,16,46.149,50.165,16.648,17.156
13,17,46.149,50.165,16.140,16.648
13,18,46.149,50.165,15.632,16.140
13,19,46.149,50.165,15.124,15.632
13,20,46.149,50.165,14.616,15.124
13,21,46.149,50.165,14.108,14.616
13,22,46.149,50.165,13.600,14.108
13,23,46.149,50.165,13.092,13.600
13,24,46.149,50.165,12.584,13.092
13,25,46.149,50.165,12.076,12.584
13,26,46.149,50.165,11.568,12.076
13,27,46.149,50.165,11.060,11.568
13,28,46.149,50.165,10.552,11.060
13,29,46.149,50.165,10.044,10.552
13,30,46.149,50.165,9.536,10.044
13,31,46.149,50.165,9.028,9.536
13,32,46.149,50.165,8.520,9.028
13,33,46.149,50.165,8.012,8.520
13,34,46.149,50.165,7.504,8.012
13,35,46.149,50.165,6.996,7.504
13,36,46.149,50.165,6.488,6.996
13,37,46.149,50.165,5.980,6.488
13,38,46.149,50.165,5.472,5.980
13,39,46.149,50.165,4.964,5.472
13,40,46.149,50.165,4.456,4.964
13,41,46.149,50.165,3.948,4.456
13,42,46.149,50.165,3.440,3.948
13,43,46.149,50.165,2.932,3.440
13,44,46.149,50.165,2.424,2.932
13,45,46.149,50.165,1.916,2.424
13,46,46.149,50.165,1.408,1.916
13,47,46.149,50.165,0.900,1.408
13,48,46.149,50.165,0.392,0.900
14,1,50.165,54.180,24.268,24.776
14,2,50.165,54.180,23.760,24.268
14,3,50.165,54.180,23.252,23.760
14,4,50.165,54.180,22.744,23.252
14,5,50.165,54.180,22.236,22.744
14,6,50.165,54.180,21.728,22.236
14,7,50.165,54.180,21.220,21.728
14,8,50.165,54.180,20.712,21.220
14,9,50.165,54.180,20.204,20.712
14,10,50.165,54.180,19.696,20.204
14,11,50.165,54.180,19.188,19.696
14,12,50.165,54.180,18.680,19.188
14,13,50.165,54.180,18.172,18.680
14,14,50.165,54.180,17.664,18.172
14,15,50.165,54.180,17.156,17.664
14,16,50.165,54.180,16.648,17.156
14,17,50.165,54.180,16.140,16.648
14,18,50.165,54.180,15.632,16.140
14,19,50.165,54.180,15.124,15.632
14,20,50.165,54.180,14.616,15.124
14,21,50.165,54.180,14.108,14.616
14,22,50.165,54.180,13.600,14.108
14,23,50.165,54.180,13.092,13.600
14,24,50.165,54.180,12.584,13.092
14,25,50.165,54.180,12.076,12.584
14,26,50.165,54.180,11.568,12.076
14,27,50.165,54.180,11.060,11.568
14,28,50.165,54.180,10.552,11.060
14,29,50.165,54.180,10.044,10.552
14,30,50.165,54.180,9.536,10.044
14,31,50.165,54.180,9.028,9.536
14,32,50.165,54.180,8.520,9.028
14,33,50.165,54.180,8.012,8.520
14,34,50.165,54.180,7.504,8.012
14,35,50.165,54.180,6.996,7.504
14,36,50.165,54.180,6.488,6.996
14,37,50.165,54.180,5.980,6.488
14,38,50.165,54.180,5.472,5.980
14,39,50.165,54.180,4.964,5.472
14,40,50.165,54.180,4.456,4.964
14,41,50.165,54.180,3.948,4.456
14,42,50.165,54.180,3.440,3.948
14,43,50.165,54.180,2.932,3.440
14,44,50.165,54.180,2.424,2.932
14,45,50.165,54.180,1.916,2.424
14,46,50.165,54.180,1.408,1.916
14,47,50.165,54.180,0.900,1.408
14,48,50.165,54.180,0.392,0.900
15,1,54.180,58.196,24.268,24.776
15,2,54.180,58.196,23.760,24.268
15,3,54.180,58.196,23.252,23.760
15,4,54.180,58.196,22.744,23.252
15,5,54.180,58.196,22.236,22.744
15,6,54.180,58.196,21.728,22.236
15,7,54.180,58.196,21.220,21.728
15,8,54.180,58.196,20.712,21.220
15,9,54.180,58.196,20.204,20.712
15,10,54.180,58.196,19.696,20.204
15,11,54.180,58.196,19.188,19.696
15,12,54.180,58.196,18.680,19.188
15,13,54.180,58.196,18.172,18.680
15,14,54.180,58.196,17.664,18.172
15,15,54.180,58.196,17.156,17.664
15,16,54.180,58.196,16.648,17.156
15,17,54.180,58.196,16.140,16.648
15,18,54.180,58.196,15.632,16.140
15,19,54.180,58.196,15.124,15.632
15,20,54.180,58.196,14.616,15.124
15,21,54.180,58.196,14.108,14.616
15,22,54.180,58.196,13.600,14.108
15,23,54.180,58.196,13.092,13.600
15,24,54.180,58.196,12.584,13.092
15,25,54.180,58.196,12.076,12.584
15,26,54.180,58.196,11.568,12.076
15,27,54.180,58.196,11.060,11.568
15,28,54.180,58.196,10.552,11.060
15,29,54.180,58.196,10.044,10.552
15,30,54.180,58.196,9.536,10.044
15,31,54.180,58.196,9.028,9.536
15,32,54.180,58.196,8.520,9.028
15,33,54.180,58.196,8.012,8.520
15,34,54.180,58.196,7.504,8.012
15,35,54.180,58.196,6.996,7.504
15,36,54.180,58.196,6.488,6.996
15,37,54.180,58.196,5.980,6.488
15,38,54.180,58.196,5.472,5.980
15,39,54.180,58.196,4.964,5.472
15,40,54.180,58.196,4.456,4.964
15,41,54.180,58.196,3.948,4.456
15,42,54.180,58.196,3.440,3.948
15,43,54.180,58.196,2.932,3.440
15,44,54.180,58.196,2.424,2.932
15,45,54.180,58.196,1.916,2.424
15,46,54.180,58.196,1.408,1.916
15,47,54.180,58.196,0.900,1.408
15,48,54.180,58.196,0.392,0.900
16,1,58.196,62.211,24.268,24.776
16,2,58.196,62.211,23.760,24.268
16,3,58.196,62.211,23.252,23.760
16,4,58.196,62.211,22.744,23.252
16,5,58.196,62.211,22.236,22.744
16,6,58.196,62.211,21.728,22.236
16,7,58.196,62.211,21.220,21.728
16,8,58.196,62.211,20.712,21.220
16,9,58.196,62.211,20.204,20.712
16,10,58.196,62.211,19.696,20.204
16,11,58.196,62.211,19.188,19.696
16,12,58.196,62.211,18.680,19.188
16,13,58.196,62.211,18.172,18.680
16,14,58.196,62.211,17.664,18.172
16,15,58.196,62.211,17.156,17.664
16,16,58.196,62.211,16.648,17.156
16,17,58.196,62.211,16.140,16.648
16,18,58.196,62.211,15.632,16.140
16,19,58.196,62.211,15.124,15.632
16,20,58.196,62.211,14.616,15.124
16,21,58.196,62.211,14.108,14.616
16,22,58.196,62.211,13.600,14.108
16,23,58.196,62.211,13.092,13.600
16,24,58.196,62.211,12.584,13.092
16,25,58.196,62.211,12.076,12.584
16,26,58.196,62.211,11.568,12.076
16,27,58.196,62.211,11.060,11.568
16,28,58.196,62.211,10.552,11.060
16,29,58.196,62.211,10.044,10.552
16,30,58.196,62.211,9.536,10.044
16,31,58.196,62.211,9.028,9.536
16,32,58.196,62.211,8.520,9.028
16,33,58.196,62.211,8.012,8.520
16,34,58.196,62.211,7.504,8.012
16,35,58.196,62.211,6.996,7.504
16,36,58.196,62.211,6.488,6.996
16,37,58.196,62.211,5.980,6.488
16,38,58.196,62.211,5.472,5.980
16,39,58.196,62.211,4.964,5.472
16,40,58.196,62.211,4.456,4.964
16,41,58.196,62.211,3.948,4.456
16,42,58.196,62.211,3.440,3.948
16,43,58.196,62.211,2.932,3.440
16,44,58.196,62.211,2.424,2.932
16,45,58.196,62.211,1.916,2.424
16,46,58.196,62.211,1.408,1.916
16,47,58.196,62.211,0.900,1.408
16,48,58.196,62.211,0.392,0.900
17,1,62.211,66.227,24.268,24.776
17,2,62.211,66.227,23.760,24.268
17,3,62.211,66.227,23.252,23.760
17,4,62.211,66.227,22.744,23.252
17,5,62.211,66.227,22.236,22.744
17,6,62.211,66.227,21.728,22.236
17,7,62.211,66.227,21.220,21.728
17,8,62.211,66.227,20.712,21.220
17,9,62.211,66.227,20.204,20.712
17,10,62.211,66.227,19.696,20.204
17,11,62.211,66.227,19.188,19.696
17,12,62.211,66.227,18.680,19.188
17,13,62.211,66.227,18.172,18.680
17,14,62.211,66.227,17.664,18.172
17,15,62.211,66.227,17.156,17.664
17,16,62.211,66.227,16.648,17.156
17,17,62.211,66.227,16.140,16.648
17,18,62.211,66.227,15.632,16.140
17,19,62.211,66.227,15.124,15.632
17,20,62.211,66.227,14.616,15.124
17,21,62.211,66.227,14.108,14.616
17,22,62.211,66.227,13.600,14.108
17,23,62.211,66.227,13.092,13.600
17,24,62.211,66.227,12.584,13.092
17,25,62.211,66.227,12.076,12.584
17,26,62.211,66.227,11.568,12.076
17,27,62.211,66.227,11.060,11.568
17,28,62.211,66.227,10.552,11.060
17,29,62.211,66.227,10.044,10.552
17,30,62.211,66.227,9.536,10.044
17,31,62.211,66.227,9.028,9.536
17,32,62.211,66.227,8.520,9.028
17,33,62.211,66.227,8.012,8.520
17,34,62.211,66.227,7.504,8.012
17,35,62.211,66.227,6.996,7.504
17,36,62.211,66.227,6.488,6.996
17,37,62.211,66.227,5.980,6.488
17,38,62.211,66.227,5.472,5.980
17,39,62.211,66.227,4.964,5.472
17,40,62.211,66.227,4.456,4.964
17,41,62.211,66.227,3.948,4.456
17,42,62.211,66.227,3.440,3.948
17,43,62.211,66.227,2.932,3.440
17,44,62.211,66.227,2.424,2.932
17,45,62.211,66.227,1.916,2.424
17,46,62.211,66.227,1.408,1.916
17,47,62.211,66.227,0.900,1.408
17,48,62.211,66.227,0.392,0.900
18,1,66.227,70.243,24.268,24.776
18,2,66.227,70.243,23.760,24.268
18,3,66.227,70.243,23.252,23.760
18,4,66.227,70.243,22.744,23.252
18,5,66.227,70.243,22.236,22.744
18,6,66.227,70.243,21.728,22.236
18,7,66.227,70.243,21.220,21.728
18,8,66.227,70.243,20.712,21.220
18,9,66.227,70.243,20.204,20.712
18,10,66.227,70.243,19.696,20.204
18,11,66.227,70.243,19.188,19.696
18,12,66.227,70.243,18.680,19.188
18,13,66.227,70.243,18.172,18.680
18,14,66.227,70.243,17.664,18.172
18,15,66.227,70.243,17.156,17.664
18,16,66.227,70.243,16.648,17.156
18,17,66.227,70.243,16.140,16.648
18,18,66.227,70.243,15.632,16.140
18,19,66.227,70.243,15.124,15.632
18,20,66.227,70.243,14.616,15.124
18,21,66.227,70.243,14.108,14.616
18,22,66.227,70.243,13.600,14.108
18,23,66.227,70.243,13.092,13.600
18,24,66.227,70.243,12.584,13.092
18,25,66.227,70.243,12.076,12.584
18,26,66.227,70.243,11.568,12.076
18,27,66.227,70.243,11.060,11.568
18,28,66.227,70.243,10.552,11.060
18,29,66.227,70.243,10.044,10.552
18,30,66.227,70.243,9.536,10.044
18,31,66.227,70.243,9.028,9.536
18,32,66.227,70.243,8.520,9.028
18,33,66.227,70.243,8.012,8.520
18,34,66.227,70.243,7.504,8.012
18,35,66.227,70.243,6.996,7.504
18,36,66.227,70.243,6.488,6.996
18,37,66.227,70.243,5.980,6.488
18,38,66.227,70.243,5.472,5.980
18,39,66.227,70.243,4.964,5.472
18,40,66.227,70.243,4.456,4.964
18,41,66.227,70.243,3.948,4.456
18,42,66.227,70.243,3.440,3.948
18,43,66.227,70.243,2.932,3.440
18,44,66.227,70.243,2.424,2.932
18,45,66.227,70.243,1.916,2.424
18,46,66.227,70.243,1.408,1.916
18,47,66.227,70.243,0.900,1.408
18,48,66.227,70.243,0.392,0.900
19,1,70.243,74.258,24.268,24.776
19,2,70.243,74.258,23.760,24.268
19,3,70.243,74.258,23.252,23.760
19,4,70.243,74.258,22.744,23.252
19,5,70.243,74.258,22.236,22.744
19,6,70.243,74.258,21.728,22.236
19,7,70.243,74.258,21.220,21.728
19,8,70.243,74.258,20.712,21.220
19,9,70.243,74.258,20.204,20.712
19,10,70.243,74.258,19.696,20.204
19,11,70.243,74.258,19.188,19.696
19,12,70.243,74.258,18.680,19.188
19,13,70.243,74.258,18.172,18.680
19,14,70.243,74.258,17.664,18.172
19,15,70.243,74.258,17.156,17.664
19,16,70.243,74.258,16.648,17.156
19,17,70.243,74.258,16.140,16.648
19,18,70.243,74.258,15.632,16.140
19,19,70.243,74.258,15.124,15.632
19,20,70.243,74.258,14.616,15.124
19,21,70.243,74.258,14.108,14.616
19,22,70.243,74.258,13.600,14.108
19,23,70.243,74.258,13.092,13.600
19,24,70.243,74.258,12.584,13.092
19,25,70.243,74.258,12.076,12.584
19,26,70.243,74.258,11.568,12.076
19,27,70.243,74.258,11.060,11.568
19,28,70.243,74.258,10.552,11.060
19,29,70.243,74.258,10.044,10.552
19,30,70.243,74.258,9.536,10.044
19,31,70.243,74.258,9.028,9.536
19,32,70.243,74.258,8.520,9.028
19,33,70.243,74.258,8.012,8.520
19,34,70.243,74.258,7.504,8.012
19,35,70.243,74.258,6.996,7.504
19,36,70.243,74.258,6.488,6.996
19,37,70.243,74.258,5.980,6.488
19,38,70.243,74.258,5.472,5.980
19,39,70.243,74.258,4.964,5.472
19,40,70.243,74.258,4.456,4.964
19,41,70.243,74.258,3.948,4.456
19,42,70.243,74.258,3.440,3.948
19,43,70.243,74.258,2.932,3.440
19,44,70.243,74.258,2.424,2.932
19,45,70.243,74.258,1.916,2.424
19,46,70.243,74.258,1.408,1.916
19,47,70.243,74.258,0.900,1.408
19,48,70.243,74.258,0.392,0.900
20,1,74.258,78.274,24.268,24.776
20,2,74.258,78.274,23.760,24.268
20,3,74.258,78.274,23.252,23.760
20,4,74.258,78.274,22.744,23.252
20,5,74.258,78.274,22.236,22.744
20,6,74.258,78.274,21.728,22.236
20,7,74.258,78.274,21.220,21.728
20,8,74.258,78.274,20.712,21.220
20,9,74.258,78.274,20.204,20.712
20,10,74.258,78.274,19.696,20.204
20,11,74.258,78.274,19.188,19.696
20,12,74.258,78.274,18.680,19.188
20,13,74.258,78.274,18.172,18.680
20,14,74.258,78.274,17.664,18.172
20,15,74.258,78.274,17.156,17.664
20,16,74.258,78.274,16.648,17.156
20,17,74.258,78.274,16.140,16.648
20,18,74.258,78.274,15.632,16.140
20,19,74.258,78.274,15.124,15.632
20,20,74.258,78.274,14.616,15.124
20,21,74.258,78.274,14.108,14.616
20,22,74.258,78.274,13.600,14.108
20,23,74.258,78.274,13.092,13.600
20,24,74.258,78.274,12.584,13.092
20,25,74.258,78.274,12.076,12.584
20,26,74.258,78.274,11.568,12.076
20,27,74.258,78.274,11.060,11.568
20,28,74.258,78.274,10.552,11.060
20,29,74.258,78.274,10.044,10.552
20,30,74.258,78.274,9.536,10.044
20,31,74.258,78.274,9.028,9.536
20,32,74.258,78.274,8.520,9.028
20,33,74.258,78.274,8.012,8.520
20,34,74.258,78.274,7.504,8.012
20,35,74.258,78.274,6.996,7.504
20,36,74.258,78.274,6.488,6.996
20,37,74.258,78.274,5.980,6.488
20,38,74.258,78.274,5.472,5.980
20,39,74.258,78.274,4.964,5.472
20,40,74.258,78.274,4.456,4.964
20,41,74.258,78.274,3.948,4.456
20,42,74.258,78.274,3.440,3.948
20,43,74.258,78.274,2.932,3.440
20,44,74.258,78.274,2.424,2.932
20,45,74.258,78.274,1.916,2.424
20,46,74.258,78.274,1.408,1.916
20,47,74.258,78.274,0.900,1.408
20,48,74.258,78.274,0.392,0.900
21,1,78.274,82.290,24.268,24.776
21,2,78.274,82.290,23.760,24.268
21,3,78.274,82.290,23.252,23.760
21,4,78.274,82.290,22.744,23.252
21,5,78.274,82.290,22.236,22.744
21,6,78.274,82.290,21.728,22.236
21,7,78.274,82.290,21.220,21.728
21,8,78.274,82.290,20.712,21.220
21,9,78.274,82.290,20.204,20.712
21,10,78.274,82.290,19.696,20.204
21,11,78.274,82.290,19.188,19.696
21,12,78.274,82.290,18.680,19.188
21,13,78.274,82.290,18.172,18.680
21,14,78.274,82.290,17.664,18.172
21,15,78.274,82.290,17.156,17.664
21,16,78.274,82.290,16.648,17.156
21,17,78.274,82.290,16.140,16.648
21,18,78.274,82.290,15.632,16.140
21,19,78.274,82.290,15.124,15.632
21,20,78.274,82.290,14.616,15.124
21,21,78.274,82.290,14.108,14.616
21,22,78.274,82.290,13.600,14.108
21,23,78.274,82.290,13.092,13.600
21,24,78.274,82.290,12.584,13.092
21,25,78.274,82.290,12.076,12.584
21,26,78.274,82.290,11.568,12.076
21,27,78.274,82.290,11.060,11.568
21,28,78.274,82.290,10.552,11.060
21,29,78.274,82.290,10.044,10.552
21,30,78.274,82.290,9.536,10.044
21,31,78.274,82.290,9.028,9.536
21,32,78.274,82.290,8.520,9.028
21,33,78.274,82.290,8.012,8.520
21,34,78.274,82.290,7.504,8.012
21,35,78.274,82.290,6.996,7.504
21,36,78.274,82.290,6.488,6.996
21,37,78.274,82.290,5.980,6.488
21,38,78.274,82.290,5.472,5.980
21,39,78.274,82.290,4.964,5.472
21,40,78.274,82.290,4.456,4.964
21,41,78.274,82.290,3.948,4.456
21,42,78.274,82.290,3.440,3.948
21,43,78.274,82.290,2.932,3.440
21,44,78.274,82.290,2.424,2.932
21,45,78.274,82.290,1.916,2.424
21,46,78.274,82.290,1.408,1.916
21,47,78.274,82.290,0.900,1.408
21,48,78.274,82.290,0.392,0.900
22,1,82.290,86.305,24.268,24.776
22,2,82.290,86.305,23.760,24.268
22,3,82.290,86.305,23.252,23.760
22,4,82.290,86.305,22.744,23.252
22,5,82.290,86.305,22.236,22.744
22,6,82.290,86.305,21.728,22.236
22,7,82.290,86.305,21.220,21.728
22,8,82.290,86.305,20.712,21.220
22,9,82.290,86.305,20.204,20.712
22,10,82.290,86.305,19.696,20.204
22,11,82.290,86.305,19.188,19.696
22,12,82.290,86.305,18.680,19.188
22,13,82.290,86.305,18.172,18.680
22,14,82.290,86.305,17.664,18.172
22,15,82.290,86.305,17.156,17.664
22,16,82.290,86.305,16.648,17.156
22,17,82.290,86.305,16.140,16.648
22,18,82.290,86.305,15.632,16.140
22,19,82.290,86.305,15.124,15.632
22,20,82.290,86.305,14.616,15.124
22,21,82.290,86.305,14.108,14.616
22,22,82.290,86.305,13.600,14.108
22,23,82.290,86.305,13.092,13.600
22,24,82.290,86.305,12.584,13.092
22,25,82.290,86.305,12.076,12.584
22,26,82.290,86.305,11.568,12.076
22,27,82.290,86.305,11.060,11.568
22,28,82.290,86.305,10.552,11.060
22,29,82.290,86.305,10.044,10.552
22,30,82.290,86.305,9.536,10.044
22,31,82.290,86.305,9.028,9.536
22,32,82.290,86.305,8.520,9.028
22,33,82.290,86.305,8.012,8.520
22,34,82.290,86.305,7.504,8.012
22,35,82.290,86.305,6.996,7.504
22,36,82.290,86.305,6.488,6.996
22,37,82.290,86.305,5.980,6.488
22,38,82.290,86.305,5.472,5.980
22,39,82.290,86.305,4.964,5.472
22,40,82.290,86.305,4.456,4.964
22,41,82.290,86.305,3.948,4.456
22,42,82.290,86.305,3.440,3.948
22,43,82.290,86.305,2.932,3.440
22,44,82.290,86.305,2.424,2.932
22,45,82.290,86.305,1.916,2.424
22,46,82.290,86.305,1.408,1.916
22,47,82.290,86.305,0.900,1.408
22,48,82.290,86.305,0.392,0.900
23,1,86.305,90.321,24.268,24.776
23,2,86.305,90.321,23.760,24.268
23,3,86.305,90.321,23.252,23.760
23,4,86.305,90.321,22.744,23.252
23,5,86.305,90.321,22.236,22.744
23,6,86.305,90.321,21.728,22.236
23,7,86.305,90.321,21.220,21.728
23,8,86.305,90.321,20.712,21.220
23,9,86.305,90.321,20.204,20.712
23,10,86.305,90.321,19.696,20.204
23,11,86.305,90.321,19.188,19.696
23,12,86.305,90.321,18.680,19.188
23,13,86.305,90.321,18.172,18.680
23,14,86.305,90.321,17.664,18.172
23,15,86.305,90.321,17.156,17.664
23,16,86.305,90.321,16.648,17.156
23,17,86.305,90.321,16.140,16.648
23,18,86.305,90.321,15.632,16.140
23,19,86.305,90.321,15.124,15.632
23,20,86.305,90.321,14.616,15.124
23,21,86.305,90.321,14.108,14.616
23,22,86.305,90.321,13.600,14.108
23,23,86.305,90.321,13.092,13.600
23,24,86.305,90.321,12.584,13.092
23,25,86.305,90.321,12.076,12.584
23,26,86.305,90.321,11.568,12.076
23,27,86.305,90.321,11.060,11.568
23,28,86.305,90.321,10.552,11.060
23,29,86.305,90.321,10.044,10.552
23,30,86.305,90.321,9.536,10.044
23,31,86.305,90.321,9.028,9.536
23,32,86.305,90.321,8.520,9.028
23,33,86.305,90.321,8.012,8.520
23,34,86.305,90.321,7.504,8.012
23,35,86.305,90.321,6.996,7.504
23,36,86.305,90.321,6.488,6.996
23,37,86.305,90.321,5.980,6.488
23,38,86.305,90.321,5.472,5.980
23,39,86.305,90.321,4.964,5.472
23,40,86.305,90.321,4.456,4.964
23,41,86.305,90.321,3.948,4.456
23,42,86.305,90.321,3.440,3.948
23,43,86.305,90.321,2.932,3.440
23,44,86.305,90.321,2.424,2.932
23,45,86.305,90.321,1.916,2.424
23,46,86.305,90.321,1.408,1.916
23,47,86.305,90.321,0.900,1.408
23,48,86.305,90.321,0.392,0.900
24,1,90.321,94.336,24.268,24.776
24,2,90.321,94.336,23.760,24.268
24,3,90.321,94.336,23.252,23.760
24,4,90.321,94.336,22.744,23.252
24,5,90.321,94.336,22.236,22.744
24,6,90.321,94.336,21.728,22.236
24,7,90.321,94.336,21.220,21.728
24,8,90.321,94.336,20.712,21.220
24,9,90.321,94.336,20.204,20.712
24,10,90.321,94.336,19.696,20.204
24,11,90.321,94.336,19.188,19.696
24,12,90.321,94.336,18.680,19.188
24,13,90.321,94.336,18.172,18.680
24,14,90.321,94.336,17.664,18.172
24,15,90.321,94.336,17.156,17.664
24,16,90.321,94.336,16.648,17.156
24,17,90.321,94.336,16.140,16.648
24,18,90.321,94.336,15.632,16.140
24,19,90.321,94.336,15.124,15.632
24,20,90.321,94.336,14.616,15.124
24,21,90.321,94.336,14.108,14.616
24,22,90.321,94.336,13.600,14.108
24,23,90.321,94.336,13.092,13.600
24,24,90.321,94.336,12.584,13.092
24,25,90.321,94.336,12.076,12.584
24,26,90.321,94.336,11.568,12.076
24,27,90.321,94.336,11.060,11.568
24,28,90.321,94.336,10.552,11.060
24,29,90.321,94.336,10.044,10.552
24,30,90.321,94.336,9.536,10.044
24,31,90.321,94.336,9.028,9.536
24,32,90.321,94.336,8.520,9.028
24,33,90.321,94.336,8.012,8.520
24,34,90.321,94.336,7.504,8.012
24,35,90.321,94.336,6.996,7.504
24,36,90.321,94.336,6.488,6.996
24,37,90.321,94.336,5.980,6.488
24,38,90.321,94.336,5.472,5.980
24,39,90.321,94.336,4.964,5.472
24,40,90.321,94.336,4.456,4.964
24,41,90.321,94.336,3.948,4.456
24,42,90.321,94.336,3.440,3.948
24,43,90.321,94.336,2.932,3.440
24,44,90.321,94.336,2.424,2.932
24,45,90.321,94.336,1.916,2.424
24,46,90.321,94.336,1.408,1.916
24,47,90.321,94.336,0.900,1.408
24,48,90.321,94.336,0.392,0.900
25,1,94.336,98.352,24.268,24.776
25,2,94.336,98.352,23.760,24.268
25,3,94.336,98.352,23.252,23.760
25,4,94.336,98.352,22.744,23.252
25,5,94.336,98.352,22.236,22.744
25,6,94.336,98.352,21.728,22.236
25,7,94.336,98.352,21.220,21.728
25,8,94.336,98.352,20.712,21.220
25,9,94.336,98.352,20.204,20.712
25,10,94.336,98.352,19.696,20.204
25,11,94.336,98.352,19.188,19.696
25,12,94.336,98.352,18.680,19.188
25,13,94.336,98.352,18.172,18.680
25,14,94.336,98.352,17.664,18.172
25,15,94.336,98.352,17.156,17.664
25,16,94.336,98.352,16.648,17.156
25,17,94.336,98.352,16.140,16.648
25,18,94.336,98.352,15.632,16.140
25,19,94.336,98.352,15.124,15.632
25,20,94.336,98.352,14.616,15.124
25,21,94.336,98.352,14.108,14.616
25,22,94.336,98.352,13.600,14.108
25,23,94.336,98.352,13.092,13.600
25,24,94.336,98.352,12.584,13.092
25,25,94.336,98.352,12.076,12.584
25,26,94.336,98.352,11.568,12.076
25,27,94.336,98.352,11.060,11.568
25,28,94.336,98.352,10.552,11.060
25,29,94.336,98.352,10.044,10.552
25,30,94.336,98.352,9.536,10.044
25,31,94.336,98.352,9.028,9.536
25,32,94.336,98.352,8.520,9.028
25,33,94.336,98.352,8.012,8.520
25,34,94.336,98.352,7.504,8.012
25,35,94.336,98.352,6.996,7.504
25,36,94.336,98.352,6.488,6.996
25,37,94.336,98.352,5.980,6.488
25,38,94.336,98.352,5.472,5.980
25,39,94.336,98.352,4.964,5.472
25,40,94.336,98.352,4.456,4.964
25,41,94.336,98.352,3.948,4.456
25,42,94.336,98.352,3.440,3.948
25,43,94.336,98.352,2.932,3.440
25,44,94.336,98.352,2.424,2.932
25,45,94.336,98.352,1.916,2.424
25,46,94.336,98.352,1.408,1.916
25,47,94.336,98.352,0.900,1.408
25,48,94.336,98.352,0.392,0.900
26,1,98.352,102.368,24.268,24.776
26,2,98.352,102.368,23.760,24.268
26,3,98.352,102.368,23.252,23.760
26,4,98.352,102.368,22.744,23.252
26,5,98.352,102.368,22.236,22.744
26,6,98.352,102.368,21.728,22.236
26,7,98.352,102.368,21.220,21.728
26,8,98.352,102.368,20.712,21.220
26,9,98.352,102.368,20.204,20.712
26,10,98.352,102.368,19.696,20.204
26,11,98.352,102.368,19.188,19.696
26,12,98.352,102.368,18.680,19.188
26,13,98.352,102.368,18.172,18.680
26,14,98.352,102.368,17.664,18.172
26,15,98.352,102.368,17.156,17.664
26,16,98.352,102.368,16.648,17.156
26,17,98.352,102.368,16.140,16.648
26,18,98.352,102.368,15.632,16.140
26,19,98.352,102.368,15.124,15.632
26,20,98.352,102.368,14.616,15.124
26,21,98.352,102.368,14.108,14.616
26,22,98.352,102.368,13.600,14.108
26,23,98.352,102.368,13.092,13.600
26,24,98.352,102.368,12.584,13.092
26,25,98.352,102.368,12.076,12.584
26,26,98.352,102.368,11.568,12.076
26,27,98.352,102.368,11.060,11.568
26,28,98.352,102.368,10.552,11.060
26,29,98.352,102.368,10.044,10.552
26,30,98.352,102.368,9.536,10.044
26,31,98.352,102.368,9.028,9.536
26,32,98.352,102.368,8.520,9.028
26,33,98.352,102.368,8.012,8.520
26,34,98.352,102.368,7.504,8.012
26,35,98.352,102.368,6.996,7.504
26,36,98.352,102.368,6.488,6.996
26,37,98.352,102.368,5.980,6.488
26,38,98.352,102.368,5.472,5.980
26,39,98.352,102.368,4.964,5.472
26,40,98.352,102.368,4.456,4.964
26,41,98.352,102.368,3.948,4.456
26,42,98.352,102.368,3.440,3.948
26,43,98.352,102.368,2.932,3.440
26,44,98.352,102.368,2.424,2.932
26,45,98.352,102.368,1.916,2.424
26,46,98.352,102.368,1.408,1.916
26,47,98.352,102.368,0.900,1.408
26,48,98.352,102.368,0.392,0.900
27,1,102.368,106.383,24.268,24.776
27,2,102.368,106.383,23.760,24.268
27,3,102.368,106.383,23.252,23.760
27,4,102.368,106.383,22.744,23.252
27,5,102.368,106.383,22.236,22.744
27,6,102.368,106.383,21.728,22.236
27,7,102.368,106.383,21.220,21.728
27,8,102.368,106.383,20.712,21.220
27,9,102.368,106.383,20.204,20.712
27,10,102.368,106.383,19.696,20.204
27,11,102.368,106.383,19.188,19.696
27,12,102.368,106.383,18.680,19.188
27,13,102.368,106.383,18.172,18.680
27,14,102.368,106.383,17.664,18.172
27,15,102.368,106.383,17.156,17.664
27,16,102.368,106.383,16.648,17.156
27,17,102.368,106.383,16.140,16.648
27,18,102.368,106.383,15.632,16.140
27,19,102.368,106.383,15.124,15.632
27,20,102.368,106.383,14.616,15.124
27,21,102.368,106.383,14.108,14.616
27,22,102.368,106.383,13.600,14.108
27,23,102.368,106.383,13.092,13.600
27,24,102.368,106.383,12.584,13.092
27,25,102.368,106.383,12.076,12.584
27,26,102.368,106.383,11.568,12.076
27,27,102.368,106.383,11.060,11.568
27,28,102.368,106.383,10.552,11.060
27,29,102.368,106.383,10.044,10.552
27,30,102.368,106.383,9.536,10.044
27,31,102.368,106.383,9.028,9.536
27,32,102.368,106.383,8.520,9.028
27,33,102.368,106.383,8.012,8.520
27,34,102.368,106.383,7.504,8.012
27,35,102.368,106.383,6.996,7.504
27,36,102.368,106.383,6.488,6.996
27,37,102.368,106.383,5.980,6.488
27,38,102.368,106.383,5.472,5.980
27,39,102.368,106.383,4.964,5.472
27,40,102.368,106.383,4.456,4.964
27,41,102.368,106.383,3.948,4.456
27,42,102.368,106.383,3.440,3.948
27,43,102.368,106.383,2.932,3.440
27,44,102.368,106.383,2.424,2.932
27,45,102.368,106.383,1.916,2.424
27,46,102.368,106.383,1.408,1.916
27,47,102.368,106.383,0.900,1.408
27,48,102.368,106.383,0.392,0.900
28,1,106.383,110.399,24.268,24.776
28,2,106.383,110.399,23.760,24.268
28,3,106.383,110.399,23.252,23.760
28,4,106.383,110.399,22.744,23.252
28,5,106.383,110.399,22.236,22.744
28,6,106.383,110.399,21.728,22.236
28,7,106.383,110.399,21.220,21.728
28,8,106.383,110.399,20.712,21.220
28,9,106.383,110.399,20.204,20.712
28,10,106.383,110.399,19.696,20.204
28,11,106.383,110.399,19.188,19.696
28,12,106.383,110.399,18.680,19.188
28,13,106.383,110.399,18.172,18.680
28,14,106.383,110.399,17.664,18.172
28,15,106.383,110.399,17.156,17.664
28,16,106.383,110.399,16.648,17.156
28,17,106.383,110.399,16.140,16.648
28,18,106.383,110.399,15.632,16.140
28,19,106.383,110.399,15.124,15.632
28,20,106.383,110.399,14.616,15.124
28,21,106.383,110.399,14.108,14.616
28,22,106.383,110.399,13.600,14.108
28,23,106.383,110.399,13.092,13.600
28,24,106.383,110.399,12.584,13.092
28,25,106.383,110.399,12.076,12.584
28,26,106.383,110.399,11.568,12.076
28,27,106.383,110.399,11.060,11.568
28,28,106.383,110.399,10.552,11.060
28,29,106.383,110.399,10.044,10.552
28,30,106.383,110.399,9.536,10.044
28,31,106.383,110.399,9.028,9.536
28,32,106.383,110.399,8.520,9.028
28,33,106.383,110.399,8.012,8.520
28,34,106.383,110.399,7.504,8.012
28,35,106.383,110.399,6.996,7.504
28,36,106.383,110.399,6.488,6.996
28,37,106.383,110.399,5.980,6.488
28,38,106.383,110.399,5.472,5.980
28,39,106.383,110.399,4.964,5.472
28,40,106.383,110.399,4.456,4.964
28,41,106.383,110.399,3.948,4.456
28,42,106.383,110.399,3.440,3.948
28,43,106.383,110.399,2.932,3.440
28,44,106.383,110.399,2.424,2.932
28,45,106.383,110.399,1.916,2.424
28,46,106.383,110.399,1.408,1.916
28,47,106.383,110.399,0.900,1.408
28,48,106.383,110.399,0.392,0.900
29,1,110.399,114.414,24.268,24.776
29,2,110.399,114.414,23.760,24.268
29,3,110.399,114.414,23.252,23.760
29,4,110.399,114.414,22.744,23.252
29,5,110.399,114.414,22.236,22.744
29,6,110.399,114.414,21.728,22.236
29,7,110.399,114.414,21.220,21.728
29,8,110.399,114.414,20.712,21.220
29,9,110.399,114.414,20.204,20.712
29,10,110.399,114.414,19.696,20.204
29,11,110.399,114.414,19.188,19.696
29,12,110.399,114.414,18.680,19.188
29,13,110.399,114.414,18.172,18.680
29,14,110.399,114.414,17.664,18.172
29,15,110.399,114.414,17.156,17.664
29,16,110.399,114.414,16.648,17.156
29,17,110.399,114.414,16.140,16.648
29,18,110.399,114.414,15.632,16.140
29,19,110.399,114.414,15.124,15.632
29,20,110.399,114.414,14.616,15.124
29,21,110.399,114.414,14.108,14.616
29,22,110.399,114.414,13.600,14.108
29,23,110.399,114.414,13.092,13.600
29,24,110.399,114.414,12.584,13.092
29,25,110.399,114.414,12.076,12.584
29,26,110.399,114.414,11.568,12.076
29,27,110.399,114.414,11.060,11.568
29,28,110.399,114.414,10.552,11.060
29,29,110.399,114.414,10.044,10.552
29,30,110.399,114.414,9.536,10.044
29,31,110.399,114.414,9.028,9.536
29,32,110.399,114.414,8.520,9.028
29,33,110.399,114.414,8.012,8.520
29,34,110.399,114.414,7.504,8.012
29,35,110.399,114.414,6.996,7.504
29,36,110.399,114.414,6.488,6.996
29,37,110.399,114.414,5.980,6.488
29,38,110.399,114.414,5.472,5.980
29,39,110.399,114.414,4.964,5.472
29,40,110.399,114.414,4.456,4.964
29,41,110.399,114.414,3.948,4.456
29,42,110.399,114.414,3.440,3.948
29,43,110.399,114.414,2.932,3.440
29,44,110.399,114.414,2.424,2.932
29,45,110.399,114.414,1.916,2.424
29,46,110.399,114.414,1.408,1.916
29,47,110.399,114.414,0.900,1.408
29,48,110.399,114.414,0.392,0.900
30,1,114.414,118.430,24.268,24.776
30,2,114.414,118.430,23.760,24.268
30,3,114.414,118.430,23.252,23.760
30,4,114.414,118.430,22.744,23.252
30,5,114.414,118.430,22.236,22.744
30,6,114.414,118.430,21.728,22.236
30,7,114.414,118.430,21.220,21.728
30,8,114.414,118.430,20.712,21.220
30,9,114.414,118.430,20.204,20.712
30,10,114.414,118.430,19.696,20.204
30,11,114.414,118.430,19.188,19.696
30,12,114.414,118.430,18.680,19.188
30,13,114.414,118.430,18.172,18.680
30,14,114.414,118.430,17.664,18.172
30,15,114.414,118.430,17.156,17.664
30,16,114.414,118.430,16.648,17.156
30,17,114.414,118.430,16.140,16.648
30,18,114.414,118.430,15.632,16.140
30,19,114.414,118.430,15.124,15.632
30,20,114.414,118.430,14.616,15.124
30,21,114.414,118.430,14.108,14.616
30,22,114.414,118.430,13.600,14.108
30,23,114.414,118.430,13.092,13.600
30,24,114.414,118.430,12.584,13.092
30,25,114.414,118.430,12.076,12.584
30,26,114.414,118.430,11.568,12.076
30,27,114.414,118.430,11.060,11.568
30,28,114.414,118.430,10.552,11.060
30,29,114.414,118.430,10.044,10.552
30,30,114.414,118.430,9.536,10.044
30,31,114.414,118.430,9.028,9.536
30,32,114.414,118.430,8.520,9.028
30,33,114.414,118.430,8.012,8.520
30,34,114.414,118.430,7.504,8.012
30,35,114.414,118.430,6.996,7.504
30,36,114.414,118.430,6.488,6.996
30,37,114.414,118.430,5.980,6.488
30,38,114.414,118.430,5.472,5.980
30,39,114.414,118.430,4.964,5.472
30,40,114.414,118.430,4.456,4.964
30,41,114.414,118.430,3.948,4.456
30,42,114.414,118.430,3.440,3.948
30,43,114.414,118.430,2.932,3.440
30,44,114.414,118.430,2.424,2.932
30,45,114.414,118.430,1.916,2.424
30,46,114.414,118.430,1.408,1.916
30,47,114.414,118.430,0.900,1.408
30,48,114.414,118.430,0.392,0.900
31,1,118.430,122.446,24.268,24.776
31,2,118.430,122.446,23.760,24.268
31,3,118.430,122.446,23.252,23.760
31,4,118.430,122.446,22.744,23.252
31,5,118.430,122.446,22.236,22.744
31,6,118.430,122.446,21.728,22.236
31,7,118.430,122.446,21.220,21.728
31,8,118.430,122.446,20.712,21.220
31,9,118.430,122.446,20.204,20.712
31,10,118.430,122.446,19.696,20.204
31,11,118.430,122.446,19.188,19.696
31,12,118.430,122.446,18.680,19.188
31,13,118.430,122.446,18.172,18.680
31,14,118.430,122.446,17.664,18.172
31,15,118.430,122.446,17.156,17.664
31,16,118.430,122.446,16.648,17.156
31,17,118.430,122.446,16.140,16.648
31,18,118.430,122.446,15.632,16.140
31,19,118.430,122.446,15.124,15.632
31,20,118.430,122.446,14.616,15.124
31,21,118.430,122.446,14.108,14.616
31,22,118.430,122.446,13.600,14.108
31,23,118.430,122.446,13.092,13.600
31,24,118.430,122.446,12.584,13.092
31,25,118.430,122.446,12.076,12.584
31,26,118.430,122.446,11.568,12.076
31,27,118.430,122.446,11.060,11.568
31,28,118.430,122.446,10.552,11.060
31,29,118.430,122.446,10.044,10.552
31,30,118.430,122.446,9.536,10.044
31,31,118.430,122.446,9.028,9.536
31,32,118.430,122.446,8.520,9.028
31,33,118.430,122.446,8.012,8.520
31,34,118.430,122.446,7.504,8.012
31,35,118.430,122.446,6.996,7.504
31,36,118.430,122.446,6.488,6.996
31,37,118.430,122.446,5.980,6.488
31,38,118.430,122.446,5.472,5.980
31,39,118.430,122.446,4.964,5.472
31,40,118.430,122.446,4.456,4.964
31,41,118.430,122.446,3.948,4.456
31,42,118.430,122.446,3.440,3.948
31,43,118.430,122.446,2.932,3.440
31,44,118.430,122.446,2.424,2.932
31,45,118.430,122.446,1.916,2.424
31,46,118.430,122.446,1.408,1.916
31,47,118.430,122.446,0.900,1.408
31,48,118.430,122.446,0.392,0.900
32,1,122.446,126.461,24.268,24.776
32,2,122.446,126.461,23.760,24.268
32,3,122.446,126.461,23.252,23.760
32,4,122.446,126.461,22.744,23.252
32,5,122.446,126.461,22.236,22.744
32,6,122.446,126.461,21.728,22.236
32,7,122.446,126.461,21.220,21.728
32,8,122.446,126.461,20.712,21.220
32,9,122.446,126.461,20.204,20.712
32,10,122.446,126.461,19.696,20.204
32,11,122.446,126.461,19.188,19.696
32,12,122.446,126.461,18.680,19.188
32,13,122.446,126.461,18.172,18.680
32,14,122.446,126.461,17.664,18.172
32,15,122.446,126.461,17.156,17.664
32,16,122.446,126.461,16.648,17.156
32,17,122.446,126.461,16.140,16.648
32,18,122.446,126.461,15.632,16.140
32,19,122.446,126.461,15.124,15.632
32,20,122.446,126.461,14.616,15.124
32,21,122.446,126.461,14.108,14.616
32,22,122.446,126.461,13.600,14.108
32,23,122.446,126.461,13.092,13.600
32,24,122.446,126.461,12.584,13.092
32,25,122.446,126.461,12.076,12.584
32,26,122.446,126.461,11.568,12.076
32,27,122.446,126.461,11.060,11.568
32,28,122.446,126.461,10.552,11.060
32,29,122.446,126.461,10.044,10.552
32,30,122.446,126.461,9.536,10.044
32,31,122.446,126.461,9.028,9.536
32,32,122.446,126.461,8.520,9.028
32,33,122.446,126.461,8.012,8.520
32,34,122.446,126.461,7.504,8.012
32,35,122.446,126.461,6.996,7.504
32,36,122.446,126.461,6.488,6.996
32,37,122.446,126.461,5.980,6.488
32,38,122.446,126.461,5.472,5.980
32,39,122.446,126.461,4.964,5.472
32,40,122.446,126.461,4.456,4.964
32,41,122.446,126.461,3.948,4.456
32,42,122.446,126.461,3.440,3.948
32,43,122.446,126.461,2.932,3.440
32,44,122.446,126.461,2.424,2.932
32,45,122.446,126.461,1.916,2.424
32,46,122.446,126.461,1.408,1.916
32,47,122.446,126.461,0.900,1.408
32,48,122.446,126.461,0.392,0.900
33,1,126.461,130.477,24.268,24.776
33,2,126.461,130.477,23.760,24.268
33,3,126.461,130.477,23.252,23.760
33,4,126.461,130.477,22.744,23.252
33,5,126.461,130.477,22.236,22.744
33,6,126.461,130.477,21.728,22.236
33,7,126.461,130.477,21.220,21.728
33,8,126.461,130.477,20.712,21.220
33,9,126.461,130.477,20.204,20.712
33,10,126.461,130.477,19.696,20.204
33,11,126.461,130.477,19.188,19.696
33,12,126.461,130.477,18.680,19.188
33,13,126.461,130.477,18.172,18.680
33,14,126.461,130.477,17.664,18.172
33,15,126.461,130.477,17.156,17.664
33,16,126.461,130.477,16.648,17.156
33,17,126.461,130.477,16.140,16.648
33,18,126.461,130.477,15.632,16.140
33,19,126.461,130.477,15.124,15.632
33,20,126.461,130.477,14.616,15.124
33,21,126.461,130.477,14.108,14.616
33,22,126.461,130.477,13.600,14.108
33,23,126.461,130.477,13.092,13.600
33,24,126.461,130.477,12.584,13.092
33,25,126.461,130.477,12.076,12.584
33,26,126.461,130.477,11.568,12.076
33,27,126.461,130.477,11.060,11.568
33,28,126.461,130.477,10.552,11.060
33,29,126.461,130.477,10.044,10.552
33,30,126.461,130.477,9.536,10.044
33,31,126.461,130.477,9.028,9.536
33,32,126.461,130.477,8.520,9.028
33,33,126.461,130.477,8.012,8.520
33,34,126.461,130.477,7.504,8.012
33,35,126.461,130.477,6.996,7.504
33,36,126.461,130.477,6.488,6.996
33,37,126.461,130.477,5.980,6.488
33,38,126.461,130.477,5.472,5.980
33,39,126.461,130.477,4.964,5.472
33,40,126.461,130.477,4.456,4.964
33,41,126.461,130.477,3.948,4.456
33,42,126.461,130.477,3.440,3.948
33,43,126.461,130.477,2.932,3.440
33,44,126.461,130.477,2.424,2.932
33,45,126.461,130.477,1.916,2.424
33,46,126.461,130.477,1.408,1.916
33,47,126.461,130.477,0.900,1.408
33,48,126.461,130.477,0.392,0.900
34,1,130.477,134.492,24.268,24.776
34,2,130.477,134.492,23.760,24.268
34,3,130.477,134.492,23.252,23.760
34,4,130.477,134.492,22.744,23.252
34,5,130.477,134.492,22.236,22.744
34,6,130.477,134.492,21.728,22.236
34,7,130.477,134.492,21.220,21.728
34,8,130.477,134.492,20.712,21.220
34,9,130.477,134.492,20.204,20.712
34,10,130.477,134.492,19.696,20.204
34,11,130.477,134.492,19.188,19.696
34,12,130.477,134.492,18.680,19.188
34,13,130.477,134.492,18.172,18.680
34,14,130.477,134.492,17.664,18.172
34,15,130.477,134.492,17.156,17.664
34,16,130.477,134.492,16.648,17.156
34,17,130.477,134.492,16.140,16.648
34,18,130.477,134.492,15.632,16.140
34,19,130.477,134.492,15.124,15.632
34,20,130.477,134.492,14.616,15.124
34,21,130.477,134.492,14.108,14.616
34,22,130.477,134.492,13.600,14.108
34,23,130.477,134.492,13.092,13.600
34,24,130.477,134.492,12.584,13.092
34,25,130.477,134.492,12.076,12.584
34,26,130.477,134.492,11.568,12.076
34,27,130.477,134.492,11.060,11.568
34,28,130.477,134.492,10.552,11.060
34,29,130.477,134.492,10.044,10.552
34,30,130.477,134.492,9.536,10.044
34,31,130.477,134.492,9.028,9.536
34,32,130.477,134.492,8.520,9.028
34,33,130.477,134.492,8.012,8.520
34,34,130.477,134.492,7.504,8.012
34,35,130.477,134.492,6.996,7.504
34,36,130.477,134.492,6.488,6.996
34,37,130.477,134.492,5.980,6.488
34,38,130.477,134.492,5.472,5.980
34,39,130.477,134.492,4.964,5.472
34,40,130.477,134.492,4.456,4.964
34,41,130.477,134.492,3.948,4.456
34,42,130.477,134.492,3.440,3.948
34,43,130.477,134.492,2.932,3.440
34,44,130.477,134.492,2.424,2.932
34,45,130.477,134.492,1.916,2.424
34,46,130.477,134.492,1.408,1.916
34,47,130.477,134.492,0.900,1.408
34,48,130.477,134.492,0.392,0.900
35,1,134.492,138.508,24.268,24.776
35,2,134.492,138.508,23.760,24.268
35,3,134.492,138.508,23.252,23.760
35,4,134.492,138.508,22.744,23.252
35,5,134.492,138.508,22.236,22.744
35,6,134.492,138.508,21.728,22.236
35,7,134.492,138.508,21.220,21.728
35,8,134.492,138.508,20.712,21.220
35,9,134.492,138.508,20.204,20.712
35,10,134.492,138.508,19.696,20.204
35,11,134.492,138.508,19.188,19.696
35,12,134.492,138.508,18.680,19.188
35,13,134.492,138.508,18.172,18.680
35,14,134.492,138.508,17.664,18.172
35,15,134.492,138.508,17.156,17.664
35,16,134.492,138.508,16.648,17.156
35,17,134.492,138.508,16.140,16.648
35,18,134.492,138.508,15.632,16.140
35,19,134.492,138.508,15.124,15.632
35,20,134.492,138.508,14.616,15.124
35,21,134.492,138.508,14.108,14.616
35,22,134.492,138.508,13.600,14.108
35,23,134.492,138.508,13.092,13.600
35,24,134.492,138.508,12.584,13.092
35,25,134.492,138.508,12.076,12.584
35,26,134.492,138.508,11.568,12.076
35,27,134.492,138.508,11.060,11.568
35,28,134.492,138.508,10.552,11.060
35,29,134.492,138.508,10.044,10.552
35,30,134.492,138.508,9.536,10.044
35,31,134.492,138.508,9.028,9.536
35,32,134.492,138.508,8.520,9.028
35,33,134.492,138.508,8.012,8.520
35,34,134.492,138.508,7.504,8.012
35,35,134.492,138.508,6.996,7.504
35,36,134.492,138.508,6.488,6.996
35,37,134.492,138.508,5.980,6.488
35,38,134.492,138.508,5.472,5.980
35,39,134.492,138.508,4.964,5.472
35,40,134.492,138.508,4.456,4.964
35,41,134.492,138.508,3.948,4.456
35,42,134.492,138.508,3.440,3.948
35,43,134.492,138.508,2.932,3.440
35,44,134.492,138.508,2.424,2.932
35,45,134.492,138.508,1.916,2.424
35,46,134.492,138.508,1.408,1.916
35,47,134.492,138.508,0.900,1.408
35,48,134.492,138.508,0.392,0.900
36,1,138.508,142.524,24.268,24.776
36,2,138.508,142.524,23.760,24.268
36,3,138.508,142.524,23.252,23.760
36,4,138.508,142.524,22.744,23.252
36,5,138.508,142.524,22.236,22.744
36,6,138.508,142.524,21.728,22.236
36,7,138.508,142.524,21.220,21.728
36,8,138.508,142.524,20.712,21.220
36,9,138.508,142.524,20.204,20.712
36,10,138.508,142.524,19.696,20.204
36,11,138.508,142.524,19.188,19.696
36,12,138.508,142.524,18.680,19.188
36,13,138.508,142.524,18.172,18.680
36,14,138.508,142.524,17.664,18.172
36,15,138.508,142.524,17.156,17.664
36,16,138.508,142.524,16.648,17.156
36,17,138.508,142.524,16.140,16.648
36,18,138.508,142.524,15.632,16.140
36,19,138.508,142.524,15.124,15.632
36,20,138.508,142.524,14.616,15.124
36,21,138.508,142.524,14.108,14.616
36,22,138.508,142.524,13.600,14.108
36,23,138.508,142.524,13.092,13.600
36,24,138.508,142.524,12.584,13.092
36,25,138.508,142.524,12.076,12.584
36,26,138.508,142.524,11.568,12.076
36,27,138.508,142.524,11.060,11.568
36,28,138.508,142.524,10.552,11.060
36,29,138.508,142.524,10.044,10.552
36,30,138.508,142.524,9.536,10.044
36,31,138.508,142.524,9.028,9.536
36,32,138.508,142.524,8.520,9.028
36,33,138.508,142.524,8.012,8.520
36,34,138.508,142.524,7.504,8.012
36,35,138.508,142.524,6.996,7.504
36,36,138.508,142.524,6.488,6.996
36,37,138.508,142.524,5.980,6.488
36,38,138.508,142.524,5.472,5.980
36,39,138.508,142.524,4.964,5.472
36,40,138.508,142.524,4.456,4.964
36,41,138.508,142.524,3.948,4.456
36,42,138.508,142.524,3.440,3.948
36,43,138.508,142.524,2.932,3.440
36,44,138.508,142.524,2.424,2.932
36,45,138.508,142.524,1.916,2.424
36,46,138.508,142.524,1.408,1.916
36,47,138.508,142.524,0.900,1.408
36,48,138.508,142.524,0.392,0.900
37,1,142.524,146.539,24.268,24.776
37,2,142.524,146.539,23.760,24.268
37,3,142.524,146.539,23.252,23.760
37,4,142.524,146.539,22.744,23.252
37,5,142.524,146.539,22.236,22.744
37,6,142.524,146.539,21.728,22.236
37,7,142.524,146.539,21.220,21.728
37,8,142.524,146.539,20.712,21.220
37,9,142.524,146.539,20.204,20.712
37,10,142.524,146.539,19.696,20.204
37,11,142.524,146.539,19.188,19.696
37,12,142.524,146.539,18.680,19.188
37,13,142.524,146.539,18.172,18.680
37,14,142.524,146.539,17.664,18.172
37,15,142.524,146.539,17.156,17.664
37,16,142.524,146.539,16.648,17.156
37,17,142.524,146.539,16.140,16.648
37,18,142.524,146.539,15.632,16.140
37,19,142.524,146.539,15.124,15.632
37,20,142.524,146.539,14.616,15.124
37,21,142.524,146.539,14.108,14.616
37,22,142.524,146.539,13.600,14.108
37,23,142.524,146.539,13.092,13.600
37,24,142.524,146.539,12.584,13.092
37,25,142.524,146.539,12.076,12.584
37,26,142.524,146.539,11.568,12.076
37,27,142.524,146.539,11.060,11.568
37,28,142.524,146.539,10.552,11.060
37,29,142.524,146.539,10.044,10.552
37,30,142.524,146.539,9.536,10.044
37,31,142.524,146.539,9.028,9.536
37,32,142.524,146.539,8.520,9.028
37,33,142.524,146.539,8.012,8.520
37,34,142.524,146.539,7.504,8.012
37,35,142.524,146.539,6.996,7.504
37,36,142.524,146.539,6.488,6.996
37,37,142.524,146.539,5.980,6.488
37,38,142.524,146.539,5.472,5.980
37,39,142.524,146.539,4.964,5.472
37,40,142.524,146.539,4.456,4.964
37,41,142.524,146.539,3.948,4.456
37,42,142.524,146.539,3.440,3.948
37,43,142.524,146.539,2.932,3.440
37,44,142.524,146.539,2.424,2.932
37,45,142.524,146.539,1.916,2.424
37,46,142.524,146.539,1.408,1.916
37,47,142.524,146.539,0.900,1.408
37,48,142.524,146.539,0.392,0.900
38,1,146.539,150.555,24.268,24.776
38,2,146.539,150.555,23.760,24.268
38,3,146.539,150.555,23.252,23.760
38,4,146.539,150.555,22.744,23.252
38,5,146.539,150.555,22.236,22.744
38,6,146.539,150.555,21.728,22.236
38,7,146.539,150.555,21.220,21.728
38,8,146.539,150.555,20.712,21.220
38,9,146.539,150.555,20.204,20.712
38,10,146.539,150.555,19.696,20.204
38,11,146.539,150.555,19.188,19.696
38,12,146.539,150.555,18.680,19.188
38,13,146.539,150.555,18.172,18.680
38,14,146.539,150.555,17.664,18.172
38,15,146.539,150.555,17.156,17.664
38,16,146.539,150.555,16.648,17.156
38,17,146.539,150.555,16.140,16.648
38,18,146.539,150.555,15.632,16.140
38,19,146.539,150.555,15.124,15.632
38,20,146.539,150.555,14.616,15.124
38,21,146.539,150.555,14.108,14.616
38,22,146.539,150.555,13.600,14.108
38,23,146.539,150.555,13.092,13.600
38,24,146.539,150.555,12.584,13.092
38,25,146.539,150.555,12.076,12.584
38,26,146.539,150.555,11.568,12.076
38,27,146.539,150.555,11.060,11.568
38,28,146.539,150.555,10.552,11.060
38,29,146.539,150.555,10.044,10.552
38,30,146.539,150.555,9.536,10.044
38,31,146.539,150.555,9.028,9.536
38,32,146.539,150.555,8.520,9.028
38,33,146.539,150.555,8.012,8.520
38,34,146.539,150.555,7.504,8.012
38,35,146.539,150.555,6.996,7.504
38,36,146.539,150.555,6.488,6.996
38,37,146.539,150.555,5.980,6.488
38,38,146.539,150.555,5.472,5.980
38,39,146.539,150.555,4.964,5.472
38,40,146.539,150.555,4.456,4.964
38,41,146.539,150.555,3.948,4.456
38,42,146.539,150.555,3.440,3.948
38,43,146.539,150.555,2.932,3.440
38,44,146.539,150.555,2.424,2.932
38,45,146.539,150.555,1.916,2.424
38,46,146.539,150.555,1.408,1.916
38,47,146.539,150.555,0.900,1.408
38,48,146.539,150.555,0.392,0.900
39,1,150.555,154.570,24.268,24.776
39,2,150.555,154.570,23.760,24.268
39,3,150.555,154.570,23.252,23.760
39,4,150.555,154.570,22.744,23.252
39,5,150.555,154.570,22.236,22.744
39,6,150.555,154.570,21.728,22.236
39,7,150.555,154.570,21.220,21.728
39,8,150.555,154.570,20.712,21.220
39,9,150.555,154.570,20.204,20.712
39,10,150.555,154.570,19.696,20.204
39,11,150.555,154.570,19.188,19.696
39,12,150.555,154.570,18.680,19.188
39,13,150.555,154.570,18.172,18.680
39,14,150.555,154.570,17.664,18.172
39,15,150.555,154.570,17.156,17.664
39,16,150.555,154.570,16.648,17.156
39,17,150.555,154.570,16.140,16.648
39,18,150.555,154.570,15.632,16.140
39,19,150.555,154.570,15.124,15.632
39,20,150.555,154.570,14.616,15.124
39,21,150.555,154.570,14.108,14.616
39,22,150.555,154.570,13.600,14.108
39,23,150.555,154.570,13.092,13.600
39,24,150.555,154.570,12.584,13.092
39,25,150.555,154.570,12.076,12.584
39,26,150.555,154.570,11.568,12.076
39,27,150.555,154.570,11.060,11.568
39,28,150.555,154.570,10.552,11.060
39,29,150.555,154.570,10.044,10.552
39,30,150.555,154.570,9.536,10.044
39,31,150.555,154.570,9.028,9.536
39,32,150.555,154.570,8.520,9.028
39,33,150.555,154.570,8.012,8.520
39,34,150.555,154.570,7.504,8.012
39,35,150.555,154.570,6.996,7.504
39,36,150.555,154.570,6.488,6.996
39,37,150.555,154.570,5.980,6.488
39,38,150.555,154.570,5.472,5.980
39,39,150.555,154.570,4.964,5.472
39,40,150.555,154.570,4.456,4.964
39,41,150.555,154.570,3.948,4.456
39,42,150.555,154.570,3.440,3.948
39,43,150.555,154.570,2.932,3.440
39,44,150.555,154.570,2.424,2.932
39,45,150.555,154.570,1.916,2.424
39,46,150.555,154.570,1.408,1.916
39,47,150.555,154.570,0.900,1.408
39,48,150.555,154.570,0.392,0.900
40,1,154.570,158.586,24.268,24.776
40,2,154.570,158.586,23.760,24.268
40,3,154.570,158.586,23.252,23.760
40,4,154.570,158.586,22.744,23.252
40,5,154.570,158.586,22.236,22.744
40,6,154.570,158.586,21.728,22.236
40,7,154.570,158.586,21.220,21.728
40,8,154.570,158.586,20.712,21.220
40,9,154.570,158.586,20.204,20.712
40,10,154.570,158.586,19.696,20.204
40,11,154.570,158.586,19.188,19.696
40,12,154.570,158.586,18.680,19.188
40,13,154.570,158.586,18.172,18.680
40,14,154.570,158.586,17.664,18.172
40,15,154.570,158.586,17.156,17.664
40,16,154.570,158.586,16.648,17.156
40,17,154.570,158.586,16.140,16.648
40,18,154.570,158.586,15.632,16.140
40,19,154.570,158.586,15.124,15.632
40,20,154.570,158.586,14.616,15.124
40,21,154.570,158.586,14.108,14.616
40,22,154.570,158.586,13.600,14.108
40,23,154.570,158.586,13.092,13.600
40,24,154.570,158.586,12.584,13.092
40,25,154.570,158.586,12.076,12.584
40,26,154.570,158.586,11.568,12.076
40,27,154.570,158.586,11.060,11.568
40,28,154.570,158.586,10.552,11.060
40,29,154.570,158.586,10.044,10.552
40,30,154.570,158.586,9.536,10.044
40,31,154.570,158.586,9.028,9.536
40,32,154.570,158.586,8.520,9.028
40,33,154.570,158.586,8.012,8.520
40,34,154.570,158.586,7.504,8.012
40,35,154.570,158.586,6.996,7.504
40,36,154.570,158.586,6.488,6.996
40,37,154.570,158.586,5.980,6.488
40,38,154.570,158.586,5.472,5.980
40,39,154.570,158.586,4.964,5.472
40,40,154.570,158.586,4.456,4.964
40,41,154.570,158.586,3.948,4.456
40,42,154.570,158.586,3.440,3.948
40,43,154.570,158.586,2.932,3.440
40,44,154.570,158.586,2.424,2.932
40,45,154.570,158.586,1.916,2.424
40,46,154.570,158.586,1.408,1.916
40,47,154.570,158.586,0.900,1.408
40,48,154.570,158.586,0.392,0.900
41,1,158.586,162.602,24.268,24.776
41,2,158.586,162.602,23.760,24.268
41,3,158.586,162.602,23.252,23.760
41,4,158.586,162.602,22.744,23.252
41,5,158.586,162.602,22.236,22.744
41,6,158.586,162.602,21.728,22.236
41,7,158.586,162.602,21.220,21.728
41,8,158.586,162.602,20.712,21.220
41,9,158.586,162.602,20.204,20.712
41,10,158.586,162.602,19.696,20.204
41,11,158.586,162.602,19.188,19.696
41,12,158.586,162.602,18.680,19.188
41,13,158.586,162.602,18.172,18.680
41,14,158.586,162.602,17.664,18.172
41,15,158.586,162.602,17.156,17.664
41,16,158.586,162.602,16.648,17.156
41,17,158.586,162.602,16.140,16.648
41,18,158.586,162.602,15.632,16.140
41,19,158.586,162.602,15.124,15.632
41,20,158.586,162.602,14.616,15.124
41,21,158.586,162.602,14.108,14.616
41,22,158.586,162.602,13.600,14.108
41,23,158.586,162.602,13.092,13.600
41,24,158.586,162.602,12.584,13.092
41,25,158.586,162.602,12.076,12.584
41,26,158.586,162.602,11.568,12.076
41,27,158.586,162.602,11.060,11.568
41,28,158.586,162.602,10.552,11.060
41,29,158.586,162.602,10.044,10.552
41,30,158.586,162.602,9.536,10.044
41,31,158.586,162.602,9.028,9.536
41,32,158.586,162.602,8.520,9.028
41,33,158.586,162.602,8.012,8.520
41,34,158.586,162.602,7.504,8.012
41,35,158.586,162.602,6.996,7.504
41,36,158.586,162.602,6.488,6.996
41,37,158.586,162.602,5.980,6.488
41,38,158.586,162.602,5.472,5.980
41,39,158.586,162.602,4.964,5.472
41,40,158.586,162.602,4.456,4.964
41,41,158.586,162.602,3.948,4.456
41,42,158.586,162.602,3.440,3.948
41,43,158.586,162.602,2.932,3.440
41,44,158.586,162.602,2.424,2.932
41,45,158.586,162.602,1.916,2.424
41,46,158.586,162.602,1.408,1.916
41,47,158.586,162.602,0.900,1.408
41,48,158.586,162.602,0.392,0.900
42,1,162.602,166.617,24.268,24.776
42,2,162.602,166.617,23.760,24.268
42,3,162.602,166.617,23.252,23.760
42,4,162.602,166.617,22.744,23.252
42,5,162.602,166.617,22.236,22.744
42,6,162.602,166.617,21.728,22.236
42,7,162.602,166.617,21.220,21.728
42,8,162.602,166.617,20.712,21.220
42,9,162.602,166.617,20.204,20.712
42,10,162.602,166.617,19.696,20.204
42,11,162.602,166.617,19.188,19.696
42,12,162.602,166.617,18.680,19.188
42,13,162.602,166.617,18.172,18.680
42,14,162.602,166.617,17.664,18.172
42,15,162.602,166.617,17.156,17.664
42,16,162.602,166.617,16.648,17.156
42,17,162.602,166.617,16.140,16.648
42,18,162.602,166.617,15.632,16.140
42,19,162.602,166.617,15.124,15.632
42,20,162.602,166.617,14.616,15.124
42,21,162.602,166.617,14.108,14.616
42,22,162.602,166.617,13.600,14.108
42,23,162.602,166.617,13.092,13.600
42,24,162.602,166.617,12.584,13.092
42,25,162.602,166.617,12.076,12.584
42,26,162.602,166.617,11.568,12.076
42,27,162.602,166.617,11.060,11.568
42,28,162.602,166.617,10.552,11.060
42,29,162.602,166.617,10.044,10.552
42,30,162.602,166.617,9.536,10.044
42,31,162.602,166.617,9.028,9.536
42,32,162.602,166.617,8.520,9.028
42,33,162.602,166.617,8.012,8.520
42,34,162.602,166.617,7.504,8.012
42,35,162.602,166.617,6.996,7.504
42,36,162.602,166.617,6.488,6.996
42,37,162.602,166.617,5.980,6.488
42,38,162.602,166.617,5.472,5.980
42,39,162.602,166.617,4.964,5.472
42,40,162.602,166.617,4.456,4.964
42,41,162.602,166.617,3.948,4.456
42,42,162.602,166.617,3.440,3.948
42,43,162.602,166.617,2.932,3.440
42,44,162.602,166.617,2.424,2.932
42,45,162.602,166.617,1.916,2.424
42,46,162.602,166.617,1.408,1.916
42,47,162.602,166.617,0.900,1.408
42,48,162.602,166.617,0.392,0.900
43,1,166.617,170.633,24.268,24.776
43,2,166.617,170.633,23.760,24.268
43,3,166.617,170.633,23.252,23.760
43,4,166.617,170.633,22.744,23.252
43,5,166.617,170.633,22.236,22.744
43,6,166.617,170.633,21.728,22.236
43,7,166.617,170.633,21.220,21.728
43,8,166.617,170.633,20.712,21.220
43,9,166.617,170.633,20.204,20.712
43,10,166.617,170.633,19.696,20.204
43,11,166.617,170.633,19.188,19.696
43,12,166.617,170.633,18.680,19.188
43,13,166.617,170.633,18.172,18.680
43,14,166.617,170.633,17.664,18.172
43,15,166.617,170.633,17.156,17.664
43,16,166.617,170.633,16.648,17.156
43,17,166.617,170.633,16.140,16.648
43,18,166.617,170.633,15.632,16.140
43,19,166.617,170.633,15.124,15.632
43,20,166.617,170.633,14.616,15.124
43,21,166.617,170.633,14.108,14.616
43,22,166.617,170.633,13.600,14.108
43,23,166.617,170.633,13.092,13.600
43,24,166.617,170.633,12.584,13.092
43,25,166.617,170.633,12.076,12.584
43,26,166.617,170.633,11.568,12.076
43,27,166.617,170.633,11.060,11.568
43,28,166.617,170.633,10.552,11.060
43,29,166.617,170.633,10.044,10.552
43,30,166.617,170.633,9.536,10.044
43,31,166.617,170.633,9.028,9.536
43,32,166.617,170.633,8.520,9.028
43,33,166.617,170.633,8.012,8.520
43,34,166.617,170.633,7.504,8.012
43,35,166.617,170.633,6.996,7.504
43,36,166.617,170.633,6.488,6.996
43,37,166.617,170.633,5.980,6.488
43,38,166.617,170.633,5.472,5.980
43,39,166.617,170.633,4.964,5.472
43,40,166.617,170.633,4.456,4.964
43,41,166.617,170.633,3.948,4.456
43,42,166.617,170.633,3.440,3.948
43,43,166.617,170.633,2.932,3.440
43,44,166.617,170.633,2.424,2.932
43,45,166.617,170.633,1.916,2.424
43,46,166.617,170.633,1.408,1.916
43,47,166.617,170.633,0.900,1.408
43,48,166.617,170.633,0.392,0.900
44,1,170.633,174.649,24.268,24.776
44,2,170.633,174.649,23.760,24.268
44,3,170.633,174.649,23.252,23.760
44,4,170.633,174.649,22.744,23.252
44,5,170.633,174.649,22.236,22.744
44,6,170.633,174.649,21.728,22.236
44,7,170.633,174.649,21.220,21.728
44,8,170.633,174.649,20.712,21.220
44,9,170.633,174.649,20.204,20.712
44,10,170.633,174.649,19.696,20.204
44,11,170.633,174.649,19.188,19.696
44,12,170.633,174.649,18.680,19.188
44,13,170.633,174.649,18.172,18.680
44,14,170.633,174.649,17.664,18.172
44,15,170.633,174.649,17.156,17.664
44,16,170.633,174.649,16.648,17.156
44,17,170.633,174.649,16.140,16.648
44,18,170.633,174.649,15.632,16.140
44,19,170.633,174.649,15.124,15.632
44,20,170.633,174.649,14.616,15.124
44,21,170.633,174.649,14.108,14.616
44,22,170.633,174.649,13.600,14.108
44,23,170.633,174.649,13.092,13.600
44,24,170.633,174.649,12.584,13.092
44,25,170.633,174.649,12.076,12.584
44,26,170.633,174.649,11.568,12.076
44,27,170.633,174.649,11.060,11.568
44,28,170.633,174.649,10.552,11.060
44,29,170.633,174.649,10.044,10.552
44,30,170.633,174.649,9.536,10.044
44,31,170.633,174.649,9.028,9.536
44,32,170.633,174.649,8.520,9.028
44,33,170.633,174.649,8.012,8.520
44,34,170.633,174.649,7.504,8.012
44,35,170.633,174.649,6.996,7.504
44,36,170.633,174.649,6.488,6.996
44,37,170.633,174.649,5.980,6.488
44,38,170.633,174.649,5.472,5.980
44,39,170.633,174.649,4.964,5.472
44,40,170.633,174.649,4.456,4.964
44,41,170.633,174.649,3.948,4.456
44,42,170.633,174.649,3.440,3.948
44,43,170.633,174.649,2.932,3.440
44,44,170.633,174.649,2.424,2.932
44,45,170.633,174.649,1.916,2.424
44,46,170.633,174.649,1.408,1.916
44,47,170.633,174.649,0.900,1.408
44,48,170.633,174.649,0.392,0.900
45,1,174.649,178.664,24.268,24.776
45,2,174.649,178.664,23.760,24.268
45,3,174.649,178.664,23.252,23.760
45,4,174.649,178.664,22.744,23.252
45,5,174.649,178.664,22.236,22.744
45,6,174.649,178.664,21.728,22.236
45,7,174.649,178.664,21.220,21.728
45,8,174.649,178.664,20.712,21.220
45,9,174.649,178.664,20.204,20.712
45,10,174.649,178.664,19.696,20.204
45,11,174.649,178.664,19.188,19.696
45,12,174.649,178.664,18.680,19.188
45,13,174.649,178.664,18.172,18.680
45,14,174.649,178.664,17.664,18.172
45,15,174.649,178.664,17.156,17.664
45,16,174.649,178.664,16.648,17.156
45,17,174.649,178.664,16.140,16.648
45,18,174.649,178.664,15.632,16.140
45,19,174.649,178.664,15.124,15.632
45,20,174.649,178.664,14.616,15.124
45,21,174.649,178.664,14.108,14.616
45,22,174.649,178.664,13.600,14.108
45,23,174.649,178.664,13.092,13.600
45,24,174.649,178.664,12.584,13.092
45,25,174.649,178.664,12.076,12.584
45,26,174.649,178.664,11.568,12.076
45,27,174.649,178.664,11.060,11.568
45,28,174.649,178.664,10.552,11.060
45,29,174.649,178.664,10.044,10.552
45,30,174.649,178.664,9.536,10.044
45,31,174.649,178.664,9.028,9.536
45,32,174.649,178.664,8.520,9.028
45,33,174.649,178.664,8.012,8.520
45,34,174.649,178.664,7.504,8.012
45,35,174.649,178.664,6.996,7.504
45,36,174.649,178.664,6.488,6.996
45,37,174.649,178.664,5.980,6.488
45,38,174.649,178.664,5.472,5.980
45,39,174.649,178.664,4.964,5.472
45,40,174.649,178.664,4.456,4.964
45,41,174.649,178.664,3.948,4.456
45,42,174.649,178.664,3.440,3.948
45,43,174.649,178.664,2.932,3.440
45,44,174.649,178.664,2.424,2.932
45,45,174.649,178.664,1.916,2.424
45,46,174.649,178.664,1.408,1.916
45,47,174.649,178.664,0.900,1.408
45,48,174.649,178.664,0.392,0.900
46,1,178.664,182.680,24.268,24.776
46,2,178.664,182.680,23.760,24.268
46,3,178.664,182.680,23.252,23.760
46,4,178.664,182.680,22.744,23.252
46,5,178.664,182.680,22.236,22.744
46,6,178.664,182.680,21.728,22.236
46,7,178.664,182.680,21.220,21.728
46,8,178.664,182.680,20.712,21.220
46,9,178.664,182.680,20.204,20.712
46,10,178.664,182.680,19.696,20.204
46,11,178.664,182.680,19.188,19.696
46,12,178.664,182.680,18.680,19.188
46,13,178.664,182.680,18.172,18.680
46,14,178.664,182.680,17.664,18.172
46,15,178.664,182.680,17.156,17.664
46,16,178.664,182.680,16.648,17.156
46,17,178.664,182.680,16.140,16.648
46,18,178.664,182.680,15.632,16.140
46,19,178.664,182.680,15.124,15.632
46,20,178.664,182.680,14.616,15.124
46,21,178.664,182.680,14.108,14.616
46,22,178.664,182.680,13.600,14.108
46,23,178.664,182.680,13.092,13.600
46,24,178.664,182.680,12.584,13.092
46,25,178.664,182.680,12.076,12.584
46,26,178.664,182.680,11.568,12.076
46,27,178.664,182.680,11.060,11.568
46,28,178.664,182.680,10.552,11.060
46,29,178.664,182.680,10.044,10.552
46,30,178.664,182.680,9.536,10.044
46,31,178.664,182.680,9.028,9.536
46,32,178.664,182.680,8.520,9.028
46,33,178.664,182.680,8.012,8.520
46,34,178.664,182.680,7.504,8.012
46,35,178.664,182.680,6.996,7.504
46,36,178.664,182.680,6.488,6.996
46,37,178.664,182.680,5.980,6.488
46,38,178.664,182.680,5.472,5.980
46,39,178.664,182.680,4.964,5.472
46,40,178.664,182.680,4.456,4.964
46,41,178.664,182.680,3.948,4.456
46,42,178.664,182.680,3.440,3.948
46,43,178.664,182.680,2.932,3.440
46,44,178.664,182.680,2.424,2.932
46,45,178.664,182.680,1.916,2.424
46,46,178.664,182.680,1.408,1.916
46,47,178.664,182.680,0.900,1.408
46,48,178.664,182.680,0.392,0.900
47,1,182.680,186.695,24.268,24.776
47,2,182.680,186.695,23.760,24.268
47,3,182.680,186.695,23.252,23.760
47,4,182.680,186.695,22.744,23.252
47,5,182.680,186.695,22.236,22.744
47,6,182.680,186.695,21.728,22.236
47,7,182.680,186.695,21.220,21.728
47,8,182.680,186.695,20.712,21.220
47,9,182.680,186.695,20.204,20.712
47,10,182.680,186.695,19.696,20.204
47,11,182.680,186.695,19.188,19.696
47,12,182.680,186.695,18.680,19.188
47,13,182.680,186.695,18.172,18.680
47,14,182.680,186.695,17.664,18.172
47,15,182.680,186.695,17.156,17.664
47,16,182.680,186.695,16.648,17.156
47,17,182.680,186.695,16.140,16.648
47,18,182.680,186.695,15.632,16.140
47,19,182.680,186.695,15.124,15.632
47,20,182.680,186.695,14.616,15.124
47,21,182.680,186.695,14.108,14.616
47,22,182.680,186.695,13.600,14.108
47,23,182.680,186.695,13.092,13.600
47,24,182.680,186.695,12.584,13.092
47,25,182.680,186.695,12.076,12.584
47,26,182.680,186.695,11.568,12.076
47,27,182.680,186.695,11.060,11.568
47,28,182.680,186.695,10.552,11.060
47,29,182.680,186.695,10.044,10.552
47,30,182.680,186.695,9.536,10.044
47,31,182.680,186.695,9.028,9.536
47,32,182.680,186.695,8.520,9.028
47,33,182.680,186.695,8.012,8.520
47,34,182.680,186.695,7.504,8.012
47,35,182.680,186.695,6.996,7.504
47,36,182.680,186.695,6.488,6.996
47,37,182.680,186.695,5.980,6.488
47,38,182.680,186.695,5.472,5.980
47,39,182.680,186.695,4.964,5.472
47,40,182.680,186.695,4.456,4.964
47,41,182.680,186.695,3.948,4.456
47,42,182.680,186.695,3.440,3.948
47,43,182.680,186.695,2.932,3.440
47,44,182.680,186.695,2.424,2.932
47,45,182.680,186.695,1.916,2.424
47,46,182.680,186.695,1.408,1.916
47,47,182.680,186.695,0.900,1.408
47,48,182.680,186.695,0.392,0.900
48,1,186.695,190.711,24.268,24.776
48,2,186.695,190.711,23.760,24.268
48,3,186.695,190.711,23.252,23.760
48,4,186.695,190.711,22.744,23.252
48,5,186.695,190.711,22.236,22.744
48,6,186.695,190.711,21.728,22.236
48,7,186.695,190.711,21.220,21.728
48,8,186.695,190.711,20.712,21.220
48,9,186.695,190.711,20.204,20.712
48,10,186.695,190.711,19.696,20.204
48,11,186.695,190.711,19.188,19.696
48,12,186.695,190.711,18.680,19.188
48,13,186.695,190.711,18.172,18.680
48,14,186.695,190.711,17.664,18.172
48,15,186.695,190.711,17.156,17.664
48,16,186.695,190.711,16.648,17.156
48,17,186.695,190.711,16.140,16.648
48,18,186.695,190.711,15.632,16.140
48,19,186.695,190.711,15.124,15.632
48,20,186.695,190.711,14.616,15.124
48,21,186.695,190.711,14.108,14.616
48,22,186.695,190.711,13.600,14.108
48,23,186.695,190.711,13.092,13.600
48,24,186.695,190.711,12.584,13.092
48,25,186.695,190.711,12.076,12.584
48,26,186.695,190.711,11.568,12.076
48,27,186.695,190.711,11.060,11.568
48,28,186.695,190.711,10.552,11.060
48,29,186.695,190.711,10.044,10.552
48,30,186.695,190.711,9.536,10.044
48,31,186.695,190.711,9.028,9.536
48,32,186.695,190.711,8.520,9.028
48,33,186.695,190.711,8.012,8.520
48,34,186.695,190.711,7.504,8.012
48,35,186.695,190.711,6.996,7.504
48,36,186.695,190.711,6.488,6.996
48,37,186.695,190.711,5.980,6.488
48,38,186.695,190.711,5.472,5.980
48,39,186.695,190.711,4.964,5.472
48,40,186.695,190.711,4.456,4.964
48,41,186.695,190.711,3.948,4.456
48,42,186.695,190.711,3.440,3.948
48,43,186.695,190.711,2.932,3.440
48,44,186.695,190.711,2.424,2.932
48,45,186.695,190.711,1.916,2.424
48,46,186.695,190.711,1.408,1.916
48,47,186.695,190.711,0.900,1.408
48,48,186.695,190.711,0.392,0.900
49,1,190.711,194.727,24.268,24.776
49,2,190.711,194.727,23.760,24.268
49,3,190.711,194.727,23.252,23.760
49,4,190.711,194.727,22.744,23.252
49,5,190.711,194.727,22.236,22.744
49,6,190.711,194.727,21.728,22.236
49,7,190.711,194.727,21.220,21.728
49,8,190.711,194.727,20.712,21.220
49,9,190.711,194.727,20.204,20.712
49,10,190.711,194.727,19.696,20.204
49,11,190.711,194.727,19.188,19.696
49,12,190.711,194.727,18.680,19.188
49,13,190.711,194.727,18.172,18.680
49,14,190.711,194.727,17.664,18.172
49,15,190.711,194.727,17.156,17.664
49,16,190.711,194.727,16.648,17.156
49,17,190.711,194.727,16.140,16.648
49,18,190.711,194.727,15.632,16.140
49,19,190.711,194.727,15.124,15.632
49,20,190.711,194.727,14.616,15.124
49,21,190.711,194.727,14.108,14.616
49,22,190.711,194.727,13.600,14.108
49,23,190.711,194.727,13.092,13.600
49,24,190.711,194.727,12.584,13.092
49,25,190.711,194.727,12.076,12.584
49,26,190.711,194.727,11.568,12.076
49,27,190.711,194.727,11.060,11.568
49,28,190.711,194.727,10.552,11.060
49,29,190.711,194.727,10.044,10.552
49,30,190.711,194.727,9.536,10.044
49,31,190.711,194.727,9.028,9.536
49,32,190.711,194.727,8.520,9.028
49,33,190.711,194.727,8.012,8.520
49,34,190.711,194.727,7.504,8.012
49,35,190.711,194.727,6.996,7.504
49,36,190.711,194.727,6.488,6.996
49,37,190.711,194.727,5.980,6.488
49,38,190.711,194.727,5.472,5.980
49,39,190.711,194.727,4.964,5.472
49,40,190.711,194.727,4.456,4.964
49,41,190.711,194.727,3.948,4.456
49,42,190.711,194.727,3.440,3.948
49,43,190.711,194.727,2.932,3.440
49,44,190.711,194.727,2.424,2.932
49,45,190.711,194.727,1.916,2.424
49,46,190.711,194.727,1.408,1.916
49,47,190.711,194.727,0.900,1.408
49,48,190.711,194.727,0.392,0.900
50,1,194.727,198.742,24.268,24.776
50,2,194.727,198.742,23.760,24.268
50,3,194.727,198.742,23.252,23.760
50,4,194.727,198.742,22.744,23.252
50,5,194.727,198.742,22.236,22.744
50,6,194.727,198.742,21.728,22.236
50,7,194.727,198.742,21.220,21.728
50,8,194.727,198.742,20.712,21.220
50,9,194.727,198.742,20.204,20.712
50,10,194.727,198.742,19.696,20.204
50,11,194.727,198.742,19.188,19.696
50,12,194.727,198.742,18.680,19.188
50,13,194.727,198.742,18.172,18.680
50,14,194.727,198.742,17.664,18.172
50,15,194.727,198.742,17.156,17.664
50,16,194.727,198.742,16.648,17.156
50,17,194.727,198.742,16.140,16.648
50,18,194.727,198.742,15.632,16.140
50,19,194.727,198.742,15.124,15.632
50,20,194.727,198.742,14.616,15.124
50,21,194.727,198.742,14.108,14.616
50,22,194.727,198.742,13.600,14.108
50,23,194.727,198.742,13.092,13.600
50,24,194.727,198.742,12.584,13.092
50,25,194.727,198.742,12.076,12.584
50,26,194.727,198.742,11.568,12.076
50,27,194.727,198.742,11.060,11.568
50,28,194.727,198.742,10.552,11.060
50,29,194.727,198.742,10.044,10.552
50,30,194.727,198.742,9.536,10.044
50,31,194.727,198.742,9.028,9.536
50,32,194.727,198.742,8.520,9.028
50,33,194.727,198.742,8.012,8.520
50,34,194.727,198.742,7.504,8.012
50,35,194.727,198.742,6.996,7.504
50,36,194.727,198.742,6.488,6.996
50,37,194.727,198.742,5.980,6.488
50,38,194.727,198.742,5.472,5.980
50,39,194.727,198.742,4.964,5.472
50,40,194.727,198.742,4.456,4.964
50,41,194.727,198.742,3.948,4.456
50,42,194.727,198.742,3.440,3.948
50,43,194.727,198.742,2.932,3.440
50,44,194.727,198.742,2.424,2.932
50,45,194.727,198.742,1.916,2.424
50,46,194.727,198.742,1.408,1.916
50,47,194.727,198.742,0.900,1.408
50,48,194.727,198.742,0.392,0.900
51,1,198.742,202.758,24.268,24.776
51,2,198.742,202.758,23.760,24.268
51,3,198.742,202.758,23.252,23.760
51,4,198.742,202.758,22.744,23.252
51,5,198.742,202.758,22.236,22.744
51,6,198.742,202.758,21.728,22.236
51,7,198.742,202.758,21.220,21.728
51,8,198.742,202.758,20.712,21.220
51,9,198.742,202.758,20.204,20.712
51,10,198.742,202.758,19.696,20.204
51,11,198.742,202.758,19.188,19.696
51,12,198.742,202.758,18.680,19.188
51,13,198.742,202.758,18.172,18.680
51,14,198.742,202.758,17.664,18.172
51,15,198.742,202.758,17.156,17.664
51,16,198.742,202.758,16.648,17.156
51,17,198.742,202.758,16.140,16.648
51,18,198.742,202.758,15.632,16.140
51,19,198.742,202.758,15.124,15.632
51,20,198.742,202.758,14.616,15.124
51,21,198.742,202.758,14.108,14.616
51,22,198.742,202.758,13.600,14.108
51,23,198.742,202.758,13.092,13.600
51,24,198.742,202.758,12.584,13.092
51,25,198.742,202.758,12.076,12.584
51,26,198.742,202.758,11.568,12.076
51,27,198.742,202.758,11.060,11.568
51,28,198.742,202.758,10.552,11.060
51,29,198.742,202.758,10.044,10.552
51,30,198.742,202.758,9.536,10.044
51,31,198.742,202.758,9.028,9.536
51,32,198.742,202.758,8.520,9.028
51,33,198.742,202.758,8.012,8.520
51,34,198.742,202.758,7.504,8.012
51,35,198.742,202.758,6.996,7.504
51,36,198.742,202.758,6.488,6.996
51,37,198.742,202.758,5.980,6.488
51,38,198.742,202.758,5.472,5.980
51,39,198.742,202.758,4.964,5.472
51,40,198.742,202.758,4.456,4.964
51,41,198.742,202.758,3.948,4.456
51,42,198.742,202.758,3.440,3.948
51,43,198.742,202.758,2.932,3.440
51,44,198.742,202.758,2.424,2.932
51,45,198.742,202.758,1.916,2.424
51,46,198.742,202.758,1.408,1.916
51,47,198.742,202.758,0.900,1.408
51,48,198.742,202.758,0.392,0.900
52,1,202.758,206.773,24.268,24.776
52,2,202.758,206.773,23.760,24.268
52,3,202.758,206.773,23.252,23.760
52,4,202.758,206.773,22.744,23.252
52,5,202.758,206.773,22.236,22.744
52,6,202.758,206.773,21.728,22.236
52,7,202.758,206.773,21.220,21.728
52,8,202.758,206.773,20.712,21.220
52,9,202.758,206.773,20.204,20.712
52,10,202.758,206.773,19.696,20.204
52,11,202.758,206.773,19.188,19.696
52,12,202.758,206.773,18.680,19.188
52,13,202.758,206.773,18.172,18.680
52,14,202.758,206.773,17.664,18.172
52,15,202.758,206.773,17.156,17.664
52,16,202.758,206.773,16.648,17.156
52,17,202.758,206.773,16.140,16.648
52,18,202.758,206.773,15.632,16.140
52,19,202.758,206.773,15.124,15.632
52,20,202.758,206.773,14.616,15.124
52,21,202.758,206.773,14.108,14.616
52,22,202.758,206.773,13.600,14.108
52,23,202.758,206.773,13.092,13.600
52,24,202.758,206.773,12.584,13.092
52,25,202.758,206.773,12.076,12.584
52,26,202.758,206.773,11.568,12.076
52,27,202.758,206.773,11.060,11.568
52,28,202.758,206.773,10.552,11.060
52,29,202.758,206.773,10.044,10.552
52,30,202.758,206.773,9.536,10.044
52,31,202.758,206.773,9.028,9.536
52,32,202.758,206.773,8.520,9.028
52,33,202.758,206.773,8.012,8.520
52,34,202.758,206.773,7.504,8.012
52,35,202.758,206.773,6.996,7.504
52,36,202.758,206.773,6.488,6.996
52,37,202.758,206.773,5.980,6.488
52,38,202.758,206.773,5.472,5.980
52,39,202.758,206.773,4.964,5.472
52,40,202.758,206.773,4.456,4.964
52,41,202.758,206.773,3.948,4.456
52,42,202.758,206.773,3.440,3.948
52,43,202.758,206.773,2.932,3.440
52,44,202.758,206.773,2.424,2.932
52,45,202.758,206.773,1.916,2.424
52,46,202.758,206.773,1.408,1.916
52,47,202.758,206.773,0.900,1.408
52,48,202.758,206.773,0.392,0.900
53,1,206.773,210.789,24.268,24.776
53,2,206.773,210.789,23.760,24.268
53,3,206.773,210.789,23.252,23.760
53,4,206.773,210.789,22.744,23.252
53,5,206.773,210.789,22.236,22.744
53,6,206.773,210.789,21.728,22.236
53,7,206.773,210.789,21.220,21.728
53,8,206.773,210.789,20.712,21.220
53,9,206.773,210.789,20.204,20.712
53,10,206.773,210.789,19.696,20.204
53,11,206.773,210.789,19.188,19.696
53,12,206.773,210.789,18.680,19.188
53,13,206.773,210.789,18.172,18.680
53,14,206.773,210.789,17.664,18.172
53,15,206.773,210.789,17.156,17.664
53,16,206.773,210.789,16.648,17.156
53,17,206.773,210.789,16.140,16.648
53,18,206.773,210.789,15.632,16.140
53,19,206.773,210.789,15.124,15.632
53,20,206.773,210.789,14.616,15.124
53,21,206.773,210.789,14.108,14.616
53,22,206.773,210.789,13.600,14.108
53,23,206.773,210.789,13.092,13.600
53,24,206.773,210.789,12.584,13.092
53,25,206.773,210.789,12.076,12.584
53,26,206.773,210.789,11.568,12.076
53,27,206.773,210.789,11.060,11.568
53,28,206.773,210.789,10.552,11.060
53,29,206.773,210.789,10.044,10.552
53,30,206.773,210.789,9.536,10.044
53,31,206.773,210.789,9.028,9.536
53,32,206.773,210.789,8.520,9.028
53,33,206.773,210.789,8.012,8.520
53,34,206.773,210.789,7.504,8.012
53,35,206.773,210.789,6.996,7.504
53,36,206.773,210.789,6.488,6.996
53,37,206.773,210.789,5.980,6.488
53,38,206.773,210.789,5.472,5.980
53,39,206.773,210.789,4.964,5.472
53,40,206.773,210.789,4.456,4.964
53,41,206.773,210.789,3.948,4.456
53,42,206.773,210.789,3.440,3.948
53,43,206.773,210.789,2.932,3.440
53,44,206.773,210.789,2.424,2.932
53,45,206.773,210.789,1.916,2.424
53,46,206.773,210.789,1.408,1.916
53,47,206.773,210.789,0.900,1.408
53,48,206.773,210.789,0.392,0.900
54,1,210.789,214.805,24.268,24.776
54,2,210.789,214.805,23.760,24.268
54,3,210.789,214.805,23.252,23.760
54,4,210.789,214.805,22.744,23.252
54,5,210.789,214.805,22.236,22.744
54,6,210.789,214.805,21.728,22.236
54,7,210.789,214.805,21.220,21.728
54,8,210.789,214.805,20.712,21.220
54,9,210.789,214.805,20.204,20.712
54,10,210.789,214.805,19.696,20.204
54,11,210.789,214.805,19.188,19.696
54,12,210.789,214.805,18.680,19.188
54,13,210.789,214.805,18.172,18.680
54,14,210.789,214.805,17.664,18.172
54,15,210.789,214.805,17.156,17.664
54,16,210.789,214.805,16.648,17.156
54,17,210.789,214.805,16.140,16.648
54,18,210.789,214.805,15.632,16.140
54,19,210.789,214.805,15.124,15.632
54,20,210.789,214.805,14.616,15.124
54,21,210.789,214.805,14.108,14.616
54,22,210.789,214.805,13.600,14.108
54,23,210.789,214.805,13.092,13.600
54,24,210.789,214.805,12.584,13.092
54,25,210.789,214.805,12.076,12.584
54,26,210.789,214.805,11.568,12.076
54,27,210.789,214.805,11.060,11.568
54,28,210.789,214.805,10.552,11.060
54,29,210.789,214.805,10.044,10.552
54,30,210.789,214.805,9.536,10.044
54,31,210.789,214.805,9.028,9.536
54,32,210.789,214.805,8.520,9.028
54,33,210.789,214.805,8.012,8.520
54,34,210.789,214.805,7.504,8.012
54,35,210.789,214.805,6.996,7.504
54,36,210.789,214.805,6.488,6.996
54,37,210.789,214.805,5.980,6.488
54,38,210.789,214.805,5.472,5.980
54,39,210.789,214.805,4.964,5.472
54,40,210.789,214.805,4.456,4.964
54,41,210.789,214.805,3.948,4.456
54,42,210.789,214.805,3.440,3.948
54,43,210.789,214.805,2.932,3.440
54,44,210.789,214.805,2.424,2.932
54,45,210.789,214.805,1.916,2.424
54,46,210.789,214.805,1.408,1.916
54,47,210.789,214.805,0.900,1.408
54,48,210.789,214.805,0.392,0.900